method,run,objective,tour_length,selected_costs,evaluations,improvements,final_selected,seed,duration_ms
steepest_intra:edges_start:random,0,78614,24262,54352,136364,121,46;0;143;183;89;23;137;114;144;14;21;164;27;90;165;185;40;81;196;17;157;31;56;113;175;171;16;78;145;25;44;120;75;86;53;154;135;70;127;123;194;180;182;63;79;94;124;189;19;152;97;1;101;2;129;92;179;57;55;52;106;178;32;49;62;9;37;148;111;176;80;133;162;151;51;72;59;115;96;42;5;116;65;47;105;43;35;184;177;54;160;34;146;22;18;159;193;41;139;68,2504747464556624717,0.010572
steepest_intra:edges_start:random,1,78391,24691,53700,128820,116,115;46;139;110;69;18;108;140;93;117;0;143;183;89;186;62;9;144;21;14;49;178;106;185;40;165;39;95;164;27;90;187;81;196;31;56;113;175;171;16;44;120;82;78;145;92;129;57;55;52;148;111;94;152;125;2;1;97;101;75;86;100;121;189;63;122;80;176;137;51;59;72;151;162;133;79;136;53;180;154;135;70;127;123;112;184;177;54;34;22;159;193;41;5;42;192;160;43;65;116,4870418916366055391,0.010993
steepest_intra:edges_start:random,2,77397,23867,53530,149001,131,108;18;22;193;41;34;160;48;54;177;10;190;184;42;43;105;116;65;47;149;24;123;127;162;151;133;135;70;6;154;180;158;53;182;100;86;75;120;44;78;145;38;31;16;171;175;113;56;157;81;196;179;57;55;52;185;40;90;27;39;165;106;178;49;14;144;102;62;9;148;92;129;2;101;1;97;152;19;94;63;122;79;80;176;137;23;186;89;183;143;117;0;51;109;118;59;115;139;46;93,3537581212169181313,0.011576
steepest_intra:edges_start:random,3,76960,22868,54092,133422,122,101;86;150;75;2;120;44;25;82;129;57;92;145;78;16;171;175;113;56;31;196;81;40;165;185;55;52;106;178;49;14;144;62;148;167;87;152;19;94;124;12;80;176;51;109;137;23;89;183;143;0;117;93;46;115;59;65;116;43;42;96;139;69;108;18;22;146;195;159;193;41;181;34;160;48;54;177;10;184;4;112;123;127;70;135;194;162;151;133;79;63;180;154;158;53;136;182;26;97;1,382963656945676627,0.010030
steepest_intra:edges_start:random,4,80295,23761,56534,151254,136,44;16;171;175;78;145;92;185;8;165;40;81;90;27;164;21;14;144;114;186;23;76;89;183;143;117;0;46;68;108;69;18;22;146;181;34;160;48;54;177;184;28;77;65;116;105;43;42;41;193;159;142;139;198;115;59;72;51;176;137;12;94;189;99;63;122;80;79;133;151;162;123;127;70;135;154;180;53;86;26;97;1;101;75;2;74;152;167;148;9;62;49;3;178;106;52;55;57;129;120,7349807108980568038,0.011970
steepest_intra:edges_start:random,5,76644,24437,52207,147804,131,97;1;101;86;75;120;44;16;171;175;113;31;81;90;165;40;185;179;145;78;25;82;92;57;129;2;152;19;189;94;63;79;80;176;137;148;9;62;49;178;55;52;106;14;144;186;23;89;183;143;117;0;46;198;139;110;69;108;18;22;146;34;54;160;42;181;195;159;193;41;115;116;65;43;28;35;84;184;177;4;112;123;149;59;118;51;151;133;162;127;70;135;154;180;53;136;182;99;100;26,1597292014302710972,0.014000
steepest_intra:edges_start:random,6,76057,24449,51608,150927,135,47;65;116;59;115;5;42;43;28;184;10;177;54;48;160;34;181;146;22;18;108;69;159;193;41;139;46;140;93;117;143;0;153;183;89;186;23;137;51;176;80;79;63;94;97;1;101;2;152;148;15;9;62;61;144;49;14;164;27;90;165;119;40;185;3;178;106;52;55;57;129;92;78;145;196;187;81;31;113;175;171;16;44;120;75;86;53;158;180;154;70;135;133;151;162;123;127;112;35;77,6959747528896543048,0.012037
steepest_intra:edges_start:random,7,77454,25928,51526,143216,125,80;176;137;148;167;128;106;178;49;102;14;138;185;169;196;81;90;27;40;119;165;164;7;21;144;73;62;9;15;186;89;183;143;0;46;115;139;41;193;108;18;22;146;159;181;42;96;116;65;43;184;160;34;54;177;4;112;127;123;131;149;59;118;51;151;133;162;135;70;154;180;158;53;182;86;101;150;75;120;44;25;16;171;175;113;31;78;145;92;52;55;57;129;2;152;1;97;94;63;79,6046895570822112564,0.010367
steepest_intra:edges_start:random,8,77079,22878,54201,143249,129,14;144;114;186;23;89;183;143;0;117;93;140;68;46;139;115;42;41;193;159;22;146;34;54;177;4;112;84;184;160;43;77;116;65;59;118;51;151;133;162;123;127;70;135;154;180;158;53;100;26;86;101;150;75;120;44;16;171;175;113;56;31;38;78;168;145;92;129;2;1;97;152;124;94;136;63;122;79;80;176;137;148;9;62;49;178;106;52;55;185;165;40;174;196;81;187;90;27;164;21,8108979872254819903,0.011001
steepest_intra:edges_start:random,9,79042,24465,54577,151158,135,193;41;42;43;160;34;48;54;177;10;184;11;35;65;116;59;51;176;80;12;94;152;97;1;101;100;189;63;79;133;151;162;123;4;112;127;70;135;154;180;53;86;75;2;129;120;44;25;145;78;16;171;175;113;31;157;81;187;98;196;174;90;27;71;164;7;165;8;40;185;179;92;57;55;52;106;178;32;49;14;155;144;62;9;148;111;137;23;186;89;183;143;117;0;46;115;139;18;22;159,3689421196942262134,0.010002
steepest_intra:edges_start:random,10,76379,24253,52126,138932,124,168;145;78;25;44;120;75;1;97;26;101;86;53;180;154;135;70;127;123;162;59;118;46;198;139;115;116;43;42;184;28;65;149;112;4;177;10;54;48;160;34;103;146;22;159;181;41;193;18;108;93;117;0;143;183;89;186;23;137;176;151;133;79;63;94;152;2;148;9;62;102;49;144;14;138;178;106;52;55;57;92;185;40;119;8;165;7;164;27;90;81;196;157;50;56;113;175;171;16;31,2391677236160413120,0.010508
steepest_intra:edges_start:random,11,77138,22400,54738,156305,138,175;171;16;78;145;92;57;55;129;44;120;2;152;97;1;101;75;86;121;53;158;180;154;135;127;123;162;45;151;133;79;63;94;122;80;176;51;59;149;126;112;4;190;10;177;104;184;166;116;65;47;105;43;42;5;192;160;48;54;34;181;146;22;18;108;69;199;159;193;41;110;139;115;198;46;0;117;143;183;89;23;137;148;9;62;144;14;49;178;106;52;185;40;165;27;90;81;196;31;113,4362846733279908327,0.011000
steepest_intra:edges_start:random,12,78116,22984,55132,125631,112,72;59;65;47;116;43;42;181;34;160;54;177;184;28;35;112;126;4;84;24;123;127;162;45;161;194;135;70;154;180;133;151;51;176;80;79;63;94;182;53;121;86;75;101;100;97;1;152;2;120;44;16;171;175;113;31;78;145;196;81;90;165;119;40;185;92;57;52;106;178;14;49;102;144;62;9;148;137;23;89;183;153;0;143;117;93;140;108;18;22;146;195;159;193;41;96;115;139;46;109,4265664534246765731,0.011000
steepest_intra:edges_start:random,13,81689,23487,58202,128874,116,82;120;44;25;16;171;175;113;31;78;145;92;57;55;52;185;40;119;165;39;27;90;81;196;169;106;178;49;14;144;102;62;61;9;148;94;186;89;183;23;137;80;176;66;51;60;197;59;118;42;5;96;115;139;110;46;0;143;117;18;22;103;146;159;193;41;181;34;160;184;43;105;116;65;47;123;127;70;135;154;158;53;180;162;151;133;79;63;99;100;86;75;101;1;97;152;74;87;2;129,7651201364770931333,0.009999
steepest_intra:edges_start:random,14,84306,22618,61688,131454,117,75;2;120;44;16;171;175;113;31;38;78;145;92;129;57;91;196;169;81;90;27;165;40;185;8;14;3;178;106;52;55;172;49;144;73;62;9;33;148;186;89;183;23;137;176;51;59;116;115;139;41;193;159;22;146;34;54;177;10;184;48;160;42;43;65;131;149;123;127;70;135;162;151;133;79;80;122;63;94;124;167;111;152;74;125;87;1;97;26;189;19;99;182;180;154;158;53;100;86;101,8136445428615205190,0.010001
steepest_intra:edges_start:random,15,80344,24033,56311,129333,117,49;178;106;52;55;57;2;125;152;97;1;101;26;100;99;63;79;80;176;137;23;186;114;89;183;153;0;143;117;68;139;115;46;51;118;59;197;116;65;105;77;43;42;41;193;159;69;108;18;22;146;34;160;48;54;177;184;123;162;151;133;135;154;180;53;86;75;120;44;16;171;175;113;56;31;168;78;145;92;179;185;40;90;165;8;14;95;164;58;7;21;73;144;62;9;148;130;94;124;167,5642736131273668061,0.007999
steepest_intra:edges_start:random,16,79476,24583,54893,144938,124,154;135;70;127;123;194;162;151;59;131;112;84;184;77;65;116;105;43;42;5;160;48;177;54;34;181;146;22;159;41;193;18;108;68;139;115;46;183;89;114;186;23;137;176;80;133;79;122;63;94;130;124;148;37;167;128;9;62;144;155;49;14;21;165;27;90;81;196;40;119;185;3;178;106;52;55;57;172;129;92;145;31;113;175;171;16;78;25;44;120;2;152;1;101;75;86;97;53;158;180,7144174012083801540,0.010002
steepest_intra:edges_start:random,17,80356,23637,56719,147231,131,140;93;139;115;46;0;143;183;89;186;23;137;176;80;12;124;94;189;99;26;97;1;152;111;128;148;37;33;9;62;49;3;178;106;52;185;40;165;14;144;132;21;164;90;81;31;113;175;171;16;78;145;92;57;129;44;120;2;75;150;101;86;53;63;79;133;173;180;154;6;135;70;127;123;162;151;51;59;65;116;43;42;184;190;10;177;54;48;160;34;181;195;146;22;159;41;193;18;69;108,1638449324305549409,0.011510
steepest_intra:edges_start:random,18,80023,21914,58109,144306,130,130;94;63;79;80;176;137;23;186;89;183;143;0;117;93;46;68;139;115;5;42;41;193;159;22;146;181;34;160;48;54;177;10;190;184;166;35;84;112;123;77;43;116;47;65;59;118;109;51;72;151;133;45;162;194;127;70;135;154;180;158;53;121;99;152;74;97;1;101;86;75;2;120;44;16;171;175;78;145;92;129;57;55;52;178;106;185;40;90;165;138;14;49;144;62;9;61;15;148;37,1180301916187177337,0.010518
steepest_intra:edges_start:random,19,81659,23267,58392,132872,124,75;2;120;44;129;92;57;55;52;145;78;16;171;175;113;56;31;81;90;165;8;40;185;106;178;32;49;102;14;144;73;62;9;148;186;23;137;76;89;183;143;0;46;115;197;59;65;116;105;43;42;41;193;159;142;139;110;69;108;18;22;146;181;34;160;54;177;184;24;123;127;70;135;154;180;158;53;26;97;99;189;94;63;122;79;133;162;151;118;51;141;176;80;12;130;124;152;1;101;86,3734630747609512125,0.010001
steepest_intra:edges_start:random,20,77073,23420,53653,136128,121,65;116;105;43;77;149;123;127;70;135;154;180;53;136;182;63;94;124;152;2;1;97;101;86;75;120;44;16;171;175;113;31;78;145;92;57;52;106;178;32;49;14;138;185;40;165;39;90;27;164;7;21;144;62;9;37;148;176;80;79;133;162;151;72;59;109;51;137;89;183;153;0;143;117;46;198;115;139;68;93;108;69;18;199;193;41;159;22;146;103;34;181;42;160;184;54;177;4;112;131,6628818575007276537,0.009000
steepest_intra:edges_start:random,21,77684,23484,54200,142424,129,53;121;99;97;26;100;1;101;75;86;158;180;154;135;70;127;123;112;4;190;10;177;30;54;184;160;34;146;22;20;18;108;69;159;193;41;139;46;115;42;43;47;65;116;197;59;118;151;162;133;79;63;122;80;176;51;137;23;0;117;143;183;89;144;14;49;62;9;148;111;178;106;52;55;185;40;165;90;81;196;57;92;145;78;31;113;175;171;16;25;44;120;2;125;152;74;124;94;182;136,8222898669125527405,0.010732
steepest_intra:edges_start:random,22,78448,25042,53406,142453,128,54;48;34;146;22;159;18;108;139;41;193;181;160;42;197;115;46;68;117;143;0;153;183;89;137;176;51;59;116;65;47;77;43;166;28;184;11;35;123;162;151;133;80;79;63;94;152;2;129;92;145;55;52;106;178;49;12;148;9;62;102;144;14;21;185;40;119;165;27;90;81;196;31;113;175;171;16;78;44;120;75;86;101;1;97;100;53;180;154;173;135;70;127;112;4;84;190;10;177;30,4897414930244262170,0.009868
steepest_intra:edges_start:random,23,79945,24718,55227,150238,132,56;31;157;196;185;40;119;165;8;55;57;92;129;52;106;178;3;32;49;148;94;189;19;26;101;1;97;152;2;75;86;53;158;180;154;135;70;127;112;4;10;177;184;28;43;105;116;65;131;123;162;151;133;63;80;176;51;59;115;46;139;193;41;96;42;160;54;34;146;22;159;18;117;0;143;183;89;137;9;62;144;14;21;7;164;27;107;90;81;98;179;145;78;120;44;16;171;175;113;50,865664613093266753,0.010978
steepest_intra:edges_start:random,24,76491,23975,52516,142308,130,81;90;107;27;165;39;164;7;21;14;155;144;62;9;148;102;49;178;106;52;55;57;185;40;174;196;145;78;92;129;2;101;1;97;152;94;63;122;176;80;79;133;151;162;59;118;51;137;89;183;143;0;117;93;108;18;69;68;46;139;115;96;116;65;47;43;42;41;193;159;22;146;34;160;184;177;10;4;112;123;127;70;135;154;180;53;86;75;120;82;44;25;16;171;175;113;56;31;157;17,7752858866703010415,0.010621
steepest_intra:edges_start:random,25,74066,23412,50654,151112,134,135;154;180;53;86;75;101;1;97;152;2;120;129;92;57;55;145;78;44;16;171;175;113;56;31;196;81;90;27;164;7;165;119;40;185;52;106;178;49;14;144;62;9;37;148;15;137;23;89;183;153;143;117;0;46;198;139;110;108;69;18;22;146;159;193;41;181;34;160;54;177;10;190;184;84;4;112;123;149;65;116;77;43;42;5;96;115;59;51;176;80;94;63;79;133;151;162;194;127;70,192134243020048618,0.010969
steepest_intra:edges_start:random,26,78563,22973,55590,144344,130,148;15;64;186;23;89;183;143;0;46;115;116;65;47;77;43;42;5;41;193;139;69;108;18;159;22;146;34;160;54;177;184;84;4;112;123;127;162;45;194;135;70;154;180;53;136;182;63;79;133;151;59;118;51;80;176;137;12;124;94;152;2;1;97;101;86;75;120;82;44;25;16;171;175;113;56;31;78;145;92;57;55;52;185;40;196;81;90;165;106;178;49;14;144;61;62;9;33;128;167,7184698852757739608,0.019002
steepest_intra:edges_start:random,27,79943,25590,54353,136918,126,108;18;22;34;54;177;184;160;42;159;193;41;139;115;197;59;65;116;43;123;127;70;135;154;180;53;121;99;182;63;122;94;189;97;26;100;86;75;101;1;152;87;2;120;44;129;92;145;78;16;171;175;113;56;31;157;196;91;81;90;165;39;164;7;21;14;8;40;119;185;106;178;52;55;57;172;148;37;49;144;62;9;15;183;143;89;186;23;137;176;80;79;133;162;151;51;46;0;117;93,3080931808289826814,0.011997
steepest_intra:edges_start:random,28,75880,23290,52590,138339,123,183;143;170;0;117;93;46;115;139;163;108;69;18;22;146;159;193;41;42;34;30;54;48;160;28;184;177;10;190;84;4;112;123;127;194;135;70;154;180;53;136;133;151;162;149;65;77;43;116;197;59;118;51;176;80;79;122;63;94;100;86;75;101;1;97;152;2;129;82;120;44;16;171;175;113;31;78;145;92;57;52;106;178;3;185;40;81;90;165;14;49;144;62;9;148;137;23;186;114;89,70923710064007026,0.016003
steepest_intra:edges_start:random,29,82864,26244,56620,128406,113,194;135;70;154;180;136;53;26;97;101;86;75;1;152;189;111;167;9;62;102;49;178;106;52;55;57;145;92;129;2;120;44;78;16;171;175;113;90;27;164;165;119;40;185;14;144;73;61;15;37;33;148;130;94;122;63;173;133;79;80;176;151;162;149;47;65;116;43;115;46;59;72;51;137;89;183;143;0;117;93;139;41;193;159;69;108;18;22;34;54;177;48;160;42;28;184;84;112;123;127,2788314451624888590,0.012000
steepest_intra:edges_start:random,30,74388,23962,50426,139533,123,145;196;81;56;113;175;171;16;31;78;25;44;120;129;57;55;52;106;178;138;14;49;62;9;148;124;94;189;97;1;152;2;75;101;86;121;182;136;53;180;154;135;70;127;123;112;4;84;190;10;177;30;54;160;34;22;18;159;193;41;139;46;115;5;42;43;184;35;149;131;105;116;65;59;162;151;133;79;63;80;176;137;0;143;183;89;23;186;15;144;21;7;164;27;90;165;40;185;179;92,6112037187005672907,0.015998
steepest_intra:edges_start:random,31,76830,24143,52687,145491,131,106;178;52;55;57;129;92;179;145;78;31;113;175;171;16;25;44;120;2;152;19;97;1;101;75;86;26;121;63;136;53;158;180;154;135;70;127;123;161;162;65;116;43;5;42;160;184;10;177;54;34;22;159;193;41;139;18;108;93;117;143;183;89;83;114;186;23;137;0;46;115;59;109;51;151;133;79;80;176;94;124;148;9;62;144;49;14;138;21;164;27;90;39;165;40;187;81;196;185;8,3660430861662863682,0.017514
steepest_intra:edges_start:random,32,78358,23137,55221,136548,124,4;112;126;123;127;70;135;194;154;6;180;53;182;121;100;86;75;150;101;1;97;189;19;152;2;120;44;25;16;171;175;113;56;31;78;145;92;57;52;178;106;185;165;119;40;196;81;90;164;21;144;14;49;62;9;15;148;94;63;122;80;79;133;151;162;149;65;59;118;109;51;66;176;137;23;89;183;143;0;46;139;110;69;108;18;22;159;193;41;115;5;42;116;43;184;160;34;48;54;177,394628869531425032,0.017516
steepest_intra:edges_start:random,33,75464,24670,50794,140385,126,68;46;0;89;183;143;117;93;108;18;22;146;34;160;54;177;10;190;4;112;184;77;149;123;127;70;135;154;180;63;53;86;75;101;1;97;94;124;152;2;129;82;120;44;25;78;16;171;175;113;31;145;92;57;55;52;178;106;185;91;196;81;40;165;39;90;27;164;21;14;49;144;61;62;9;37;148;15;186;23;137;176;80;79;133;151;162;59;115;197;116;65;47;43;42;181;159;193;41;139,6942113399983518671,0.014000
steepest_intra:edges_start:random,34,74609,23860,50749,133230,123,116;65;47;131;149;162;151;133;79;63;136;94;80;176;137;23;183;89;186;15;148;111;9;62;102;49;144;14;138;165;27;90;81;196;31;56;113;175;171;16;44;25;78;145;40;119;185;106;3;178;52;55;57;92;129;120;2;152;97;1;101;75;86;53;180;154;135;70;127;123;112;4;184;10;177;54;160;192;34;22;159;18;69;108;140;93;117;143;0;46;118;59;115;139;41;193;181;42;96;43,7321985568910306336,0.012000
steepest_intra:edges_start:random,35,79161,23571,55590,149637,134,42;159;193;41;139;115;198;46;0;170;143;117;93;108;18;22;146;34;160;54;177;184;4;112;29;123;127;70;135;154;180;53;63;12;130;94;152;19;189;121;86;100;97;1;101;75;44;120;2;128;167;148;33;9;62;49;3;178;106;52;55;57;129;92;145;78;16;171;175;113;31;157;196;81;90;27;165;40;185;14;155;144;186;23;89;183;137;176;80;79;133;162;151;51;141;109;59;65;116;43,6546623560410091049,0.011999
steepest_intra:edges_start:random,36,84185,24145,60040,127056,114,178;106;52;185;40;165;27;90;81;145;57;92;78;16;44;120;2;125;152;74;94;19;97;1;101;75;86;53;180;154;173;135;70;127;123;162;133;79;63;80;151;51;109;59;24;47;65;116;105;43;42;96;160;184;84;156;29;112;4;190;10;177;30;54;48;34;181;146;22;18;108;159;193;41;139;115;46;140;93;117;0;143;183;89;83;23;137;176;186;114;15;62;9;148;37;33;49;102;144;14,5261188525234754611,0.015000
steepest_intra:edges_start:random,37,78868,23926,54942,136002,121,178;106;185;40;165;27;90;81;169;196;31;113;175;171;16;25;44;120;78;145;92;57;52;49;102;14;144;62;9;148;23;137;176;51;72;59;118;115;139;110;46;0;183;143;117;93;140;108;69;18;22;159;193;41;181;34;160;54;177;4;112;184;43;42;5;116;65;131;24;123;127;194;162;45;151;133;79;80;122;63;180;135;70;154;53;100;26;97;1;101;86;75;2;152;19;94;130;12;124;128,5414046231101671869,0.010001
steepest_intra:edges_start:random,38,80592,24593,55999,139344,128,1;101;75;86;97;53;180;154;173;135;70;127;123;24;43;42;181;160;184;166;11;84;112;4;190;10;177;54;48;34;22;159;41;193;199;18;69;108;140;93;117;0;143;183;89;23;137;176;80;51;46;139;115;116;47;65;59;72;151;162;133;79;63;189;19;94;111;148;37;186;114;61;9;62;49;14;144;21;7;164;27;90;165;40;185;106;178;52;145;113;175;171;16;78;92;129;44;120;2;152,1900100884784030923,0.010000
steepest_intra:edges_start:random,39,77267,23851,53416,143846,130,193;41;159;22;146;34;160;54;177;184;42;43;77;131;65;116;59;51;115;139;198;46;68;0;137;176;80;151;162;161;123;127;70;135;133;79;122;63;94;19;121;180;154;53;100;97;152;2;1;101;86;75;120;44;129;92;145;78;16;171;175;113;56;85;31;196;81;90;165;40;185;91;179;57;55;52;167;148;37;9;62;102;49;178;106;138;14;155;144;15;114;186;23;89;183;143;117;93;108;18,2754583902192831297,0.012009
steepest_intra:edges_start:random,40,76295,22604,53691,131393,116,184;177;54;160;34;181;159;146;22;18;69;108;93;140;117;0;143;183;89;137;15;9;62;102;49;144;14;138;3;178;106;185;40;165;27;90;81;196;145;78;31;56;113;175;171;16;44;120;75;101;1;97;100;86;158;53;136;189;152;74;2;92;57;55;52;167;148;124;94;122;63;180;154;6;135;70;127;123;162;151;133;79;80;176;66;51;59;118;115;46;139;191;193;41;5;42;43;116;65;47,3502504817183864385,0.008998
steepest_intra:edges_start:random,41,81737,26382,55355,122534,110,16;171;175;113;31;78;145;92;129;2;125;152;97;1;101;75;86;53;100;26;19;94;63;79;133;162;161;151;51;80;176;137;0;46;198;139;193;41;115;118;59;65;47;116;42;43;77;123;135;180;154;70;127;29;112;4;184;177;54;160;34;22;18;108;117;143;183;89;23;148;111;57;55;52;106;178;14;138;165;185;40;174;169;196;17;81;90;27;164;21;144;15;9;62;49;128;82;120;44;25,7028993162442314836,0.009033
steepest_intra:edges_start:random,42,73820,23673,50147,152418,137,178;52;55;57;92;129;82;25;44;120;2;152;97;1;101;75;86;182;53;158;180;154;135;70;127;123;162;133;151;51;109;59;149;65;116;43;42;160;184;112;4;10;177;54;48;34;181;195;146;22;20;18;108;69;159;193;41;191;139;115;198;46;140;93;117;0;143;183;89;23;137;176;80;79;63;94;148;9;62;49;14;144;21;164;165;185;40;119;27;90;81;196;31;113;175;171;16;78;145;106,1466110946233140159,0.010576
steepest_intra:edges_start:random,43,80284,24212,56072,122744,111,185;40;165;27;90;81;196;17;56;113;175;171;16;31;78;25;44;120;82;129;92;145;91;179;57;172;152;2;75;150;101;1;97;100;86;53;189;94;12;176;80;151;133;79;63;173;180;154;135;70;127;123;162;59;65;116;105;43;42;5;41;193;159;195;181;160;28;184;112;4;190;10;177;54;34;146;22;18;69;108;68;46;139;115;109;51;137;183;89;23;148;167;55;52;106;178;49;62;144;14,802462286627152795,0.009969
steepest_intra:edges_start:random,44,81529,25003,56526,151061,136,175;171;16;44;120;75;101;86;100;121;53;158;180;63;79;133;173;154;135;70;127;29;112;4;190;10;177;30;54;48;34;103;146;22;199;18;69;108;140;93;139;159;193;41;96;115;46;60;118;59;197;42;181;160;184;43;105;116;65;123;162;151;51;176;80;130;94;124;152;74;97;1;2;92;52;178;49;148;137;0;117;143;183;89;23;186;114;15;9;62;144;14;106;185;40;165;90;81;145;78,1220363864057529281,0.011034
steepest_intra:edges_start:random,45,78005,24249,53756,130690,118,133;79;63;94;148;111;167;106;178;3;32;14;49;9;62;144;21;7;164;27;90;81;196;157;40;165;185;52;55;57;129;92;145;78;31;113;175;171;16;25;44;120;82;2;1;101;75;86;26;97;152;19;189;121;182;53;158;180;154;135;127;123;112;4;59;51;65;47;116;105;43;42;184;177;54;160;34;22;18;159;193;41;96;115;139;46;117;143;170;0;153;183;89;114;186;23;137;176;80;151,4416016556388793339,0.008995
steepest_intra:edges_start:random,46,75424,23107,52317,136450,123,9;62;144;14;49;32;178;106;52;55;179;185;40;165;27;90;81;196;113;175;171;16;31;78;145;92;57;129;82;25;44;120;2;152;97;1;101;75;86;121;94;176;80;79;63;53;180;154;135;70;127;123;162;133;151;51;109;59;197;65;116;43;184;11;84;112;4;177;54;48;34;146;22;181;192;160;42;5;41;193;159;199;18;108;69;139;115;198;46;140;93;117;0;143;183;89;186;23;137;148,7875419236330917208,0.009002
steepest_intra:edges_start:random,47,77518,23494,54024,136290,122,123;112;4;10;177;54;34;160;184;42;41;193;159;22;18;139;68;46;115;59;72;51;151;133;80;176;137;0;117;170;143;183;89;23;186;62;9;37;148;167;144;155;14;49;178;106;52;55;57;129;92;78;145;179;185;40;119;165;90;81;31;85;56;113;175;171;16;25;44;120;75;101;1;2;87;152;74;97;26;100;86;53;121;189;94;122;79;63;136;180;154;135;70;127;162;65;116;43;77;131,6987610835090698449,0.008999
steepest_intra:edges_start:random,48,78810,22687,56123,135858,121,79;63;94;130;12;148;62;144;14;49;178;106;165;27;90;40;185;196;145;78;113;175;171;16;25;44;120;129;92;57;52;55;2;75;86;101;1;97;152;19;189;26;100;53;180;154;6;70;135;194;162;151;72;51;109;118;59;65;116;43;105;47;149;123;127;29;112;4;84;184;177;54;34;146;22;18;108;69;159;142;193;41;160;42;5;115;139;198;46;0;117;170;143;183;89;23;137;176;80;133,6135227310278683471,0.010341
steepest_intra:edges_start:random,49,77939,23173,54766,142131,129,44;16;171;175;113;56;31;196;81;90;27;164;165;8;119;40;185;55;52;106;178;3;49;14;144;62;9;33;37;148;15;137;23;89;183;143;170;117;0;46;118;59;131;47;65;116;43;42;5;96;115;139;41;193;159;69;108;18;22;146;195;181;34;160;54;177;184;123;127;135;154;53;180;133;162;45;151;51;176;80;79;63;94;19;97;1;101;86;75;2;74;152;128;129;92;57;179;145;78;120,6515928081766102773,0.009589
steepest_intra:edges_start:random,50,80101,22882,57219,123610,112,193;41;115;116;65;47;149;77;43;42;160;34;54;177;184;84;4;112;123;127;70;135;6;154;180;158;53;121;19;97;1;101;26;100;86;75;120;44;25;16;171;175;113;56;31;78;145;196;81;187;90;27;164;7;21;14;49;144;62;148;128;3;178;106;39;165;40;185;52;55;57;92;129;2;87;152;125;94;124;12;63;182;79;133;151;45;162;59;118;51;80;176;137;183;143;0;46;139;22;159,554899891377188737,0.010578
steepest_intra:edges_start:random,51,79273,24796,54477,125319,112,38;31;56;113;175;171;16;78;145;92;57;129;44;120;2;75;86;101;1;97;152;189;99;100;53;158;154;135;70;127;123;162;24;149;166;112;4;190;10;177;184;160;48;54;30;34;146;195;181;42;43;116;65;59;109;115;46;198;139;41;193;159;22;18;117;0;143;183;137;51;151;133;180;63;122;79;80;176;94;148;9;62;61;144;102;49;178;55;52;106;138;14;21;7;164;90;165;40;185;157,5013730223464304239,0.009999
steepest_intra:edges_start:random,52,79975,24966,55009,135579,121,148;9;62;73;144;49;14;138;165;119;40;90;81;196;185;106;178;52;55;128;111;167;152;2;129;57;92;145;38;31;56;113;175;171;16;78;44;120;75;150;101;1;97;100;86;53;180;154;135;70;127;123;162;112;4;84;149;43;116;65;47;131;59;51;46;115;139;193;41;42;181;192;160;48;184;177;54;30;34;146;22;159;18;108;93;117;143;183;89;137;176;80;151;133;79;63;182;189;99;94,7694171626722452297,0.010035
steepest_intra:edges_start:random,53,80034,24367,55667,138545,126,158;53;86;75;44;120;2;125;152;97;1;101;26;99;63;79;133;151;162;123;149;131;105;43;42;159;193;41;139;46;115;116;65;59;118;60;51;109;66;176;80;94;12;167;57;129;92;78;16;171;175;145;55;52;185;40;90;27;164;7;39;165;106;178;32;49;14;144;62;9;148;137;89;183;143;0;117;93;140;36;108;69;18;22;146;34;160;54;177;10;190;184;84;4;112;127;70;135;154;180,3529228415205343413,0.010819
steepest_intra:edges_start:random,54,77151,24287,52864,145777,131,54;177;184;112;123;127;135;154;180;53;86;101;1;97;100;121;182;63;79;133;162;151;109;51;176;80;94;124;111;148;37;167;152;2;75;120;44;129;92;145;78;31;16;171;175;113;56;85;157;196;91;57;55;52;178;3;106;185;165;119;40;174;81;90;27;164;7;21;144;14;49;102;62;9;137;23;89;183;153;0;143;117;68;46;139;108;18;193;41;115;59;65;116;43;42;159;22;146;34;160,5799525521047374123,0.010473
steepest_intra:edges_start:random,55,73592,24184,49408,150410,131,55;52;106;178;49;102;9;148;94;63;79;80;133;151;72;59;118;51;176;137;23;186;114;89;183;143;0;117;93;46;115;139;41;193;159;69;108;18;22;146;34;160;42;96;43;116;65;149;35;184;48;54;177;10;190;4;112;123;162;127;70;135;154;180;53;121;189;97;1;101;86;75;120;82;129;2;152;167;62;144;14;185;40;119;165;90;81;196;145;31;56;113;175;171;16;44;25;78;92;57,9095051501033379245,0.011510
steepest_intra:edges_start:random,56,77575,24972,52603,145514,130,93;18;108;69;199;159;22;146;34;48;54;177;184;160;43;105;116;65;149;112;127;123;161;135;70;154;180;53;86;75;101;1;97;152;2;120;44;25;129;57;92;145;78;16;171;175;113;31;196;81;40;185;165;90;27;164;14;138;106;52;55;178;3;49;102;155;144;62;9;37;148;167;111;130;124;94;121;182;63;79;133;162;151;80;176;137;23;89;183;51;59;115;42;41;193;139;46;0;143;117,2672388603491970297,0.012000
steepest_intra:edges_start:random,57,76441,22993,53448,146595,132,177;54;48;160;34;181;146;22;18;108;139;159;193;41;96;42;43;77;47;65;116;115;46;0;117;143;183;89;186;23;137;176;51;109;118;59;72;151;80;79;63;122;12;124;94;189;26;97;1;152;74;2;129;92;57;55;52;106;178;49;62;9;148;15;144;14;138;165;90;40;185;145;78;168;157;31;56;113;175;171;16;25;44;120;75;101;86;53;180;154;70;135;133;162;24;123;127;112;4;184,2793997592079711713,0.010999
steepest_intra:edges_start:random,58,76755,23296,53459,142344,127,119;40;185;52;55;57;92;78;145;81;31;56;113;175;171;16;25;44;120;2;75;86;101;1;152;97;26;53;154;180;99;94;12;176;80;122;63;79;133;151;162;194;135;6;70;127;123;112;4;84;35;184;10;177;54;48;160;181;34;103;146;22;159;41;193;18;108;93;117;143;0;46;139;115;42;43;105;116;65;59;109;51;137;23;183;89;186;148;37;9;62;144;155;49;178;106;14;138;165;90,8335899459687673669,0.010349
steepest_intra:edges_start:random,59,80318,24416,55902,137166,124,160;34;54;177;10;123;127;70;135;154;158;53;180;162;151;133;79;63;136;182;189;26;86;101;97;1;150;75;2;120;44;25;92;129;152;19;94;124;12;148;9;62;49;3;178;106;52;55;145;78;16;88;171;175;113;56;31;85;188;38;157;196;81;187;40;185;165;90;27;164;7;21;14;144;89;183;137;176;80;51;59;118;46;0;143;117;93;108;18;22;159;193;41;139;115;116;65;43;42;184,2225577598504099083,0.011035
steepest_intra:edges_start:random,60,76413,24908,51505,148308,132,53;180;154;135;127;123;112;4;184;10;177;54;160;42;181;34;146;22;159;193;41;139;69;18;108;93;117;143;0;46;198;115;5;43;105;65;116;197;59;72;51;151;162;133;79;80;176;137;23;183;89;186;114;15;37;9;62;144;49;3;178;52;106;32;14;138;8;185;40;165;164;27;90;81;196;113;175;171;16;31;78;145;92;57;55;129;44;120;2;1;101;75;86;26;97;152;148;124;94;63,4036666229082172608,0.010057
steepest_intra:edges_start:random,61,81081,24544,56537,135044,121,133;162;135;127;123;112;177;54;48;184;28;43;77;65;116;115;96;42;192;160;34;181;146;195;41;139;46;68;191;193;159;22;18;108;140;93;117;0;170;143;183;89;23;186;114;15;148;12;167;49;62;9;61;144;155;14;178;106;52;185;40;165;90;31;113;175;171;16;44;120;78;145;92;57;55;2;74;152;97;1;101;75;86;26;53;154;180;136;182;189;94;63;79;80;176;137;51;59;72;151,5441591314530536910,0.010998
steepest_intra:edges_start:random,62,78319,22196,56123,131638,120,16;171;175;113;56;31;157;78;145;179;185;40;90;165;138;14;144;61;15;137;23;89;183;143;117;0;46;198;115;139;41;193;159;18;22;146;181;42;160;34;48;54;177;10;190;184;43;77;131;47;65;116;59;72;51;151;133;162;123;127;70;135;173;154;180;53;121;86;75;101;97;1;2;87;152;189;63;79;80;176;94;124;167;148;37;33;9;62;102;49;32;178;106;52;55;57;92;120;44;25,6391733554207944738,0.010003
steepest_intra:edges_start:random,63,77146,25155,51991,140891,126,177;10;190;112;4;184;11;43;77;116;65;59;72;162;123;127;70;135;154;180;53;86;100;97;1;101;75;120;44;25;16;171;175;113;31;81;90;27;164;7;39;165;119;40;185;106;178;138;14;21;144;62;9;49;52;57;92;145;78;2;152;148;94;182;136;63;79;80;133;151;51;176;137;89;183;143;0;117;93;18;108;69;159;22;146;195;193;41;191;139;68;46;198;115;42;181;34;160;48;54,8084551849940664558,0.010608
steepest_intra:edges_start:random,64,76349,24673,51676,143084,129,123;112;4;177;54;160;34;181;42;184;43;105;116;65;47;162;151;133;79;63;80;176;51;59;118;115;46;139;41;193;159;146;22;18;69;108;93;140;117;0;143;183;89;23;137;114;9;62;73;144;14;165;39;164;27;90;40;185;169;196;81;31;56;113;175;171;16;78;145;25;44;120;92;57;55;52;106;178;49;37;148;167;94;130;124;189;97;152;2;1;101;75;86;26;53;158;180;154;135;127,771312956416095009,0.011007
steepest_intra:edges_start:random,65,76568,24022,52546,149663,132,193;41;181;42;43;77;65;59;116;5;96;115;139;198;46;68;69;18;108;93;117;143;170;0;51;151;133;79;80;176;137;23;183;89;186;114;64;144;14;21;7;164;27;90;165;119;40;185;145;78;113;175;171;16;44;120;92;57;55;52;106;178;49;102;62;9;148;124;130;94;152;2;75;101;1;97;26;100;86;53;136;63;180;154;70;135;162;123;127;112;4;84;184;177;54;48;160;34;22;159,3153126633103046212,0.011001
steepest_intra:edges_start:random,66,79676,25328,54348,139669,126,26;97;1;87;125;152;19;94;124;148;172;129;2;120;44;16;171;175;113;31;157;78;145;92;57;55;52;106;178;138;165;40;185;196;81;90;164;7;21;144;14;49;62;9;186;23;137;183;143;117;0;46;115;139;108;18;22;146;181;195;159;193;41;42;116;43;160;34;54;177;10;184;84;112;127;123;131;65;59;151;162;135;70;154;180;173;133;79;80;176;122;63;136;53;121;86;75;150;101;100,1656984708106091218,0.009759
steepest_intra:edges_start:random,67,76657,23184,53473,132065,121,113;56;188;31;157;81;90;165;40;196;17;145;179;92;57;52;185;106;178;138;14;49;144;62;9;148;167;94;63;122;79;133;151;80;176;137;23;89;183;143;0;117;93;140;18;108;69;199;139;46;115;41;193;159;195;22;146;181;34;160;48;54;177;10;4;112;184;43;42;5;116;47;65;59;162;123;127;70;135;154;180;158;53;136;86;75;101;1;97;152;87;2;129;120;44;25;78;16;171;175,4751882189220459374,0.011078
steepest_intra:edges_start:random,68,76412,24490,51922,149082,132,80;133;79;63;182;53;180;154;135;70;127;123;162;151;51;59;115;96;42;43;105;116;65;112;4;184;177;54;48;160;34;146;22;20;18;108;69;159;181;193;41;139;46;68;140;93;117;0;143;183;89;23;137;186;114;144;14;21;7;164;58;71;95;27;90;165;40;185;145;31;113;175;171;16;44;120;78;92;52;106;178;49;102;62;9;148;124;152;1;2;75;86;101;97;26;100;121;189;94;176,7237306433309298260,0.009970
steepest_intra:edges_start:random,69,78281,24165,54116,142520,129,180;154;135;70;127;151;133;162;123;112;4;10;177;54;160;34;181;42;184;11;65;116;43;5;41;193;159;146;22;18;108;69;139;110;140;93;117;143;183;89;186;23;137;0;46;198;115;59;51;141;66;176;80;79;63;94;152;74;2;129;92;57;52;106;178;32;49;102;148;9;62;144;14;8;185;40;165;90;81;196;31;56;113;175;171;16;78;145;25;44;120;75;86;101;1;97;121;53;182;158,6064063812823235378,0.010031
steepest_intra:edges_start:random,70,81298,23853,57445,143398,129,196;185;40;90;164;7;165;8;106;52;178;49;14;144;15;9;62;128;37;148;94;19;189;63;122;79;133;162;151;80;176;137;23;89;183;143;0;117;108;18;22;146;34;160;54;177;184;28;43;47;65;116;42;5;96;41;193;159;139;115;46;60;51;109;59;131;123;127;135;154;180;158;53;26;97;86;75;150;101;1;152;74;125;87;2;120;44;129;92;57;55;145;78;31;16;171;175;113;56;81,3199216778310897651,0.010550
steepest_intra:edges_start:random,71,76518,22443,54075,149648,134,27;164;7;21;14;3;106;178;49;102;155;144;61;62;9;37;148;137;23;89;183;143;117;108;69;18;22;146;159;193;41;139;46;115;96;42;181;34;160;48;54;177;184;84;4;112;126;156;127;123;77;43;47;65;116;59;118;51;176;80;63;79;133;151;162;135;70;154;180;53;136;182;121;94;152;97;1;101;26;86;75;2;129;92;120;44;16;171;175;113;31;78;145;57;55;52;185;40;165;90,6924633136864429814,0.010018
steepest_intra:edges_start:random,72,81676,25644,56032,115670,103,64;137;23;89;183;143;0;46;60;115;198;139;163;108;134;18;69;193;41;159;22;146;34;54;177;160;181;42;96;166;184;84;112;123;149;43;116;65;59;51;176;80;79;133;151;162;135;70;154;180;53;182;63;122;94;148;167;152;97;86;75;101;1;2;120;44;16;171;175;113;56;13;31;78;92;145;38;157;17;196;81;40;185;57;55;52;178;106;165;90;164;7;21;14;138;49;144;62;9;15,5852049064164545976,0.009091
steepest_intra:edges_start:random,73,76104,24523,51581,157902,139,51;176;80;94;167;62;9;148;137;183;89;144;49;14;138;3;178;106;52;55;185;40;165;90;81;196;145;179;57;92;78;31;113;175;171;16;44;120;2;152;19;97;1;101;75;86;26;121;53;158;154;70;135;194;180;63;79;133;151;162;123;127;112;4;177;10;54;48;160;34;181;195;146;22;159;18;108;93;117;143;0;68;46;115;139;193;41;96;42;43;166;28;184;35;149;65;116;59;118;109,118415703482249778,0.009977
steepest_intra:edges_start:random,74,78981,23590,55391,143914,131,52;178;106;185;40;8;165;90;27;164;7;21;144;14;32;49;102;62;61;9;148;137;176;80;79;133;151;162;65;43;42;116;59;118;51;89;183;143;0;139;115;41;193;159;69;108;18;22;146;34;160;54;177;184;4;112;123;127;70;135;154;158;53;180;63;94;97;26;100;86;75;101;1;152;74;2;120;44;25;82;129;92;179;145;78;16;171;175;113;56;13;31;17;196;81;187;169;91;57;55,8593764435820760305,0.011000
steepest_intra:edges_start:random,75,75335,22932,52403,144352,127,159;108;18;22;146;34;181;41;5;42;160;54;177;10;4;112;184;28;43;77;116;65;59;51;176;80;122;63;79;133;151;162;123;127;135;154;180;53;189;94;152;97;1;101;86;75;2;129;92;57;55;52;179;145;78;82;120;44;25;16;171;175;113;31;196;169;81;90;165;40;185;106;178;3;32;14;138;144;49;102;62;9;33;148;15;137;23;186;89;183;143;0;117;93;140;46;198;115;139;193,4981833047714017959,0.011165
steepest_intra:edges_start:random,76,75430,23438,51992,142975,128,22;146;181;34;160;54;177;184;84;4;112;123;127;70;135;154;180;158;53;182;121;86;75;101;1;97;26;19;94;12;124;167;152;2;120;44;25;129;57;92;145;78;16;171;175;113;56;31;196;81;90;27;58;164;7;165;40;185;55;52;106;178;3;49;14;144;62;9;148;23;89;183;143;0;137;176;80;63;79;133;162;151;51;59;197;65;116;43;42;159;193;41;115;46;139;110;69;108;18;199,7405192212873240822,0.009298
steepest_intra:edges_start:random,77,77632,25544,52088,130387,115,113;175;171;16;31;78;25;44;120;145;92;57;55;52;106;178;3;32;49;62;148;137;176;60;109;51;151;162;133;80;79;63;94;152;2;75;101;1;97;100;86;53;180;154;135;70;127;123;112;4;190;10;177;54;48;34;160;184;84;35;43;149;24;59;197;65;116;96;42;181;41;193;159;146;22;18;108;139;115;46;0;117;143;183;89;23;186;144;14;21;164;27;90;165;40;185;196;81;98;56,416503105263370936,0.008980
steepest_intra:edges_start:random,78,78796,24883,53913,135589,124,90;81;40;185;52;55;57;145;31;56;113;175;171;16;44;78;92;129;120;2;75;86;101;1;152;97;53;154;180;63;79;133;151;162;135;70;127;123;24;59;197;65;116;43;166;184;84;112;4;10;177;54;160;42;115;41;193;159;195;181;34;146;22;199;18;134;108;69;163;139;198;46;0;117;143;183;89;137;51;176;80;94;167;148;15;9;62;102;49;155;144;14;32;106;178;3;165;39;164;27,6092135920125383042,0.008478
steepest_intra:edges_start:random,79,78615,22643,55972,142082,129,65;59;109;51;176;137;183;148;9;62;144;49;14;21;7;164;27;90;165;119;40;185;106;3;178;52;55;57;92;78;145;196;31;13;113;56;175;171;16;25;44;120;129;2;75;86;100;101;1;97;152;74;124;94;80;151;162;133;79;63;182;53;180;154;6;135;70;127;123;29;126;112;4;84;35;184;10;177;54;48;34;160;192;181;42;5;41;193;159;146;22;18;108;139;46;115;96;43;77;116,7075183259374492441,0.010000
steepest_intra:edges_start:random,80,80377,24365,56012,135098,119,56;31;157;81;90;27;40;196;17;78;145;92;57;55;52;178;106;185;165;138;14;49;144;62;9;186;23;137;51;60;170;143;183;89;153;0;117;46;198;139;115;197;59;65;116;77;43;42;96;41;193;159;108;18;22;146;181;34;160;54;177;184;84;4;112;127;123;162;151;133;79;80;176;122;63;135;154;180;53;136;182;26;189;94;148;152;74;97;1;101;86;75;2;120;44;16;88;171;175;113,6516035786129565765,0.010059
steepest_intra:edges_start:random,81,78286,23680,54606,141427,128,152;94;63;79;80;176;137;148;9;62;49;3;178;106;52;55;57;92;120;44;16;171;175;113;56;31;78;145;185;40;8;165;39;90;27;164;21;14;144;15;186;23;89;183;143;117;0;51;109;59;118;65;116;43;42;5;96;115;46;198;139;191;41;193;159;69;108;18;22;146;103;34;181;160;48;54;177;184;35;131;123;4;112;127;70;135;162;45;151;133;173;154;180;53;99;86;75;101;1;97,4841636077198631809,0.011031
steepest_intra:edges_start:random,82,76754,24160,52594,142457,127,114;183;89;143;117;0;46;68;18;108;69;159;22;146;103;34;54;177;10;190;4;112;123;162;65;149;47;116;105;43;28;184;160;181;42;41;193;139;115;59;118;109;51;151;135;70;154;180;158;53;100;97;1;101;86;75;120;44;25;16;171;175;113;31;78;145;185;40;165;39;90;27;164;14;144;62;9;148;49;3;178;106;52;57;92;2;152;19;189;94;182;136;63;79;133;80;176;137;23;186,4820572351063371559,0.009969
steepest_intra:edges_start:random,83,75982,22501,53481,134616,120,184;10;177;54;48;34;160;42;43;77;65;105;116;41;193;159;195;146;22;18;139;115;198;46;68;140;93;117;0;143;183;89;186;23;137;51;59;162;151;133;79;80;176;122;63;94;111;148;9;62;102;49;144;14;3;178;106;52;55;185;40;119;165;90;81;196;17;157;31;85;113;56;175;171;16;44;78;145;92;57;129;120;2;152;189;97;1;101;75;86;100;53;182;180;154;135;127;123;112;84,8708186350677756955,0.009516
steepest_intra:edges_start:random,84,78465,21665,56800,143564,123,165;40;185;145;78;92;57;55;52;106;178;32;14;155;144;49;62;9;33;37;148;137;23;186;89;183;143;170;117;0;46;68;139;198;115;116;77;43;42;5;41;193;159;22;34;160;48;54;177;10;184;84;4;112;123;65;59;51;176;80;122;63;79;133;151;135;154;180;53;86;75;101;1;97;26;100;19;94;152;2;120;44;25;16;88;171;175;113;56;31;157;196;81;98;90;27;58;164;7;95,8206553321898272613,0.010036
steepest_intra:edges_start:random,85,75438,23772,51666,144011,129,79;80;176;151;51;118;59;115;197;65;116;43;42;184;166;162;123;112;4;84;190;10;177;54;48;160;34;181;41;139;191;193;159;146;103;22;20;18;69;108;140;93;68;46;0;143;183;89;23;137;186;15;148;37;9;62;102;49;144;14;178;106;52;55;185;40;165;90;81;196;145;92;57;129;78;31;113;175;171;16;25;44;120;75;86;101;97;1;2;152;94;63;182;53;136;180;154;70;135;133,7497159369380080124,0.009979
steepest_intra:edges_start:random,86,76223,23792,52431,138847,125,108;18;193;159;22;146;34;42;41;96;116;43;65;59;72;51;151;133;162;123;77;11;184;160;54;177;10;190;84;4;112;127;70;135;154;180;158;53;86;75;101;1;97;152;2;120;44;25;16;171;175;113;56;31;17;81;90;27;164;7;39;165;40;185;196;145;78;92;129;57;55;52;106;178;3;138;14;49;102;144;62;9;148;94;189;63;79;80;176;137;23;89;183;143;0;46;115;139;110;69,4242265161275742158,0.009582
steepest_intra:edges_start:random,87,75759,23722,52037,143735,128,79;63;100;101;1;97;152;2;145;92;57;52;106;178;49;102;9;62;144;14;21;7;164;27;90;165;185;40;81;196;31;56;113;175;171;16;78;25;44;120;75;86;53;180;154;135;70;127;123;162;72;151;133;80;176;51;59;131;65;116;43;184;11;35;112;4;10;177;54;48;34;160;42;5;96;115;46;198;139;110;41;193;159;22;18;108;140;93;117;0;143;183;89;186;23;137;148;12;130;94,2751719234894915162,0.009777
steepest_intra:edges_start:random,88,76551,24170,52381,135029,121,148;124;94;137;23;89;183;143;0;117;93;140;46;198;139;41;193;159;18;22;146;34;160;48;54;177;10;190;184;84;4;112;127;70;135;6;154;158;53;180;194;133;162;123;65;43;42;116;197;115;118;59;151;109;51;176;80;79;63;121;86;75;101;1;26;97;152;2;129;120;44;25;92;145;78;16;171;175;113;31;196;81;90;27;165;40;185;8;14;144;62;9;49;3;178;106;52;55;57;128,7269029947479647773,0.008716
steepest_intra:edges_start:random,89,79961,24467,55494,126991,112,127;70;135;6;154;180;53;86;100;26;97;1;101;75;2;120;44;25;92;145;78;31;16;171;175;113;56;98;81;196;40;90;27;164;39;165;185;55;52;106;178;138;14;49;102;144;61;62;9;33;148;128;57;129;152;74;94;136;63;79;133;151;80;176;51;59;115;46;137;15;114;186;23;89;183;143;0;117;93;139;191;41;193;159;18;22;34;160;54;177;184;42;43;77;105;116;65;149;123;162,2993066214646450611,0.007969
steepest_intra:edges_start:random,90,78123,23389,54734,141071,126,54;160;34;146;22;159;193;41;42;5;115;46;198;139;69;18;108;140;93;117;0;170;143;183;89;23;137;186;15;62;9;148;130;94;176;80;79;63;189;19;152;125;2;129;57;55;52;106;178;49;102;144;155;14;21;164;27;90;165;40;185;92;145;78;175;171;16;44;120;75;86;101;1;97;26;121;53;180;154;135;70;127;123;149;162;133;151;51;72;59;65;116;105;43;28;184;112;4;177;10,6360813213785782846,0.009404
steepest_intra:edges_start:random,91,77470,25137,52333,138518,126,115;96;41;193;159;69;108;18;22;146;34;48;54;177;10;190;112;4;184;160;181;42;43;116;65;131;149;123;29;127;70;135;162;151;133;79;80;122;63;94;19;180;154;53;86;75;101;1;26;97;152;74;2;129;57;92;82;120;44;145;78;16;171;175;113;31;196;81;90;164;7;165;40;185;8;138;14;144;62;9;49;178;106;52;55;167;148;114;186;89;183;23;137;176;66;51;59;0;46;139,3791829140101249928,0.010000
steepest_intra:edges_start:random,92,77707,24580,53127,133082,117,137;176;51;72;65;149;47;116;43;42;197;59;118;0;143;117;46;115;139;41;193;159;18;22;146;181;34;160;54;177;184;84;4;112;126;123;127;135;154;180;133;161;162;151;80;79;63;94;124;136;53;26;97;152;1;101;86;75;2;120;44;25;78;16;171;175;113;56;31;38;145;92;57;55;52;106;178;49;102;14;185;196;81;174;40;165;39;90;27;164;7;21;144;62;9;37;148;23;89;183,2010116258560880253,0.009970
steepest_intra:edges_start:random,93,78904,24638,54266,142371,126,55;57;92;129;2;101;1;97;152;74;94;12;122;63;79;80;176;118;115;46;0;143;117;93;139;110;191;41;193;159;108;18;22;146;34;160;48;54;177;10;190;184;43;42;5;96;116;65;59;151;133;162;161;123;127;135;154;180;136;53;26;86;75;120;44;78;145;31;16;171;175;113;196;81;90;27;164;7;165;39;8;185;40;119;106;178;138;14;49;144;62;9;15;186;89;183;137;148;128;52,266415671675162963,0.011037
steepest_intra:edges_start:random,94,78893,25458,53435,130159,117,152;2;129;92;57;179;145;17;113;56;175;171;16;31;78;25;44;120;75;101;1;26;86;53;180;154;135;70;127;123;112;184;177;54;34;22;193;41;5;42;160;43;105;131;65;116;115;46;139;18;108;93;117;0;143;183;89;186;23;137;9;62;102;49;144;14;138;21;7;164;27;90;81;196;40;165;185;106;178;52;55;128;167;148;111;94;130;80;176;66;51;109;59;162;151;133;79;63;99;97,5459468006509951226,0.010997
steepest_intra:edges_start:random,95,76333,22230,54103,136419,121,180;158;53;26;97;152;1;101;86;75;2;129;57;55;52;92;120;44;25;16;171;175;113;56;31;78;145;179;91;185;40;90;165;106;178;49;14;144;62;148;124;94;63;79;80;176;137;23;186;89;183;153;0;143;117;93;139;191;115;46;60;51;109;118;59;72;151;133;162;161;24;131;149;65;116;105;43;42;96;41;193;159;18;22;146;34;181;160;184;48;54;177;10;190;4;112;123;127;135;154,6107255828793534160,0.011002
steepest_intra:edges_start:random,96,77873,24187,53686,149813,131,86;100;97;1;152;19;189;121;53;158;154;6;180;79;63;94;130;176;80;133;151;162;161;135;70;127;123;112;4;84;35;184;177;54;160;34;181;42;43;65;116;96;115;139;110;41;193;159;146;22;18;69;108;93;117;143;183;0;46;118;59;51;137;23;186;148;62;144;102;49;178;106;14;21;164;27;90;40;165;8;185;52;55;57;129;92;145;78;157;31;56;113;175;171;16;44;120;2;75;101,1954936996910526230,0.011579
steepest_intra:edges_start:random,97,76456,24606,51850,150543,135,117;0;170;143;183;89;186;114;23;137;176;80;79;63;94;124;148;33;9;62;144;14;49;178;106;185;40;119;165;7;164;90;81;196;31;56;113;175;171;88;16;78;145;92;57;55;52;167;2;129;44;25;120;75;86;101;1;125;152;97;26;53;180;154;135;70;127;123;162;133;151;51;118;59;65;116;43;84;112;4;190;10;177;54;184;42;181;160;34;22;193;41;5;115;60;46;139;18;108;93,7500362334770944101,0.015052
steepest_intra:edges_start:random,98,80038,21947,58091,137949,123,89;23;137;148;9;62;144;14;49;32;178;3;106;52;55;185;40;119;165;39;27;90;81;196;31;56;113;175;171;16;25;44;120;78;145;179;57;92;129;2;87;152;19;97;1;101;150;75;86;26;100;53;154;135;180;121;99;94;130;12;80;63;79;133;151;162;123;127;112;84;184;166;65;72;176;66;51;109;59;197;116;43;42;160;48;177;54;34;146;22;159;193;41;139;115;46;0;117;143;183,16586543228714730,0.010998
steepest_intra:edges_start:random,99,80543,25552,54991,135594,123,143;0;117;18;108;139;46;115;41;193;159;22;146;195;34;54;177;184;160;181;42;5;43;116;65;47;24;123;112;127;70;135;194;162;151;72;59;197;118;60;51;176;80;133;79;63;122;130;94;182;180;154;53;86;26;97;1;101;75;16;171;175;113;56;31;81;196;145;78;92;57;129;44;120;2;87;152;172;178;106;52;55;185;40;90;27;164;165;138;14;49;155;144;62;9;148;137;23;89;183,1402993061169337161,0.012165
steepest_intra:edges_start:random,100,75115,24109,51006,143508,127,22;146;159;193;41;96;115;116;65;43;42;181;34;160;184;177;4;112;123;127;70;135;154;180;53;86;75;101;1;97;152;124;94;63;79;80;176;133;151;59;118;109;51;66;137;148;9;62;102;49;138;178;106;52;55;57;92;129;2;120;44;25;78;145;31;16;171;175;113;81;40;119;185;165;90;27;164;21;14;144;73;15;114;186;23;89;183;143;170;0;117;93;140;46;68;139;69;108;18;199,3467718907910101297,0.010512
steepest_intra:edges_start:random,101,77605,25054,52551,131016,118,106;3;178;52;55;57;92;78;145;196;27;90;81;31;113;175;171;16;25;44;120;2;75;86;101;1;97;152;124;148;37;94;136;53;180;154;135;127;123;29;112;4;84;149;65;197;116;43;184;160;48;54;177;10;30;34;181;103;146;22;159;193;41;42;5;96;115;139;69;18;108;68;46;59;162;151;133;63;80;176;51;60;0;117;143;183;89;23;137;186;9;62;144;49;14;138;165;119;40;185,7509908158303515513,0.010996
steepest_intra:edges_start:random,102,73076,23552,49524,142365,128,163;108;69;18;22;146;103;34;160;54;30;177;10;190;112;4;84;184;35;65;116;43;42;181;193;159;41;139;115;59;51;176;80;63;79;133;151;162;123;127;70;135;154;180;53;100;97;152;74;1;101;86;75;2;82;120;44;25;16;171;175;113;31;78;145;92;129;57;55;52;49;178;106;185;40;165;90;27;164;21;138;14;144;102;62;9;148;94;137;23;186;89;183;143;117;0;46;68;93;140,1693821866321105235,0.011635
steepest_intra:edges_start:random,103,75609,23563,52046,138341,125,14;144;62;9;15;23;186;114;89;183;143;0;117;93;46;115;139;41;193;159;69;108;18;22;146;34;181;192;160;48;54;177;10;184;84;4;112;127;123;43;42;105;116;65;59;151;133;162;194;135;70;154;180;53;121;100;86;75;101;1;97;152;189;94;63;79;80;176;137;148;167;129;2;120;44;25;16;88;171;175;113;56;31;38;78;145;92;57;55;52;185;40;196;81;90;165;106;178;3;49,5235781748875881644,0.014996
steepest_intra:edges_start:random,104,80307,24301,56006,149071,130,127;70;135;133;79;63;136;180;154;158;53;121;97;1;101;86;75;120;44;25;16;171;175;78;145;179;185;40;165;90;164;7;21;144;14;138;49;178;106;52;57;92;2;152;19;189;94;148;9;62;137;89;183;143;170;0;117;93;140;108;69;18;193;41;159;22;146;181;34;160;48;54;177;10;190;29;112;4;184;192;42;43;116;47;65;59;115;191;139;198;46;60;51;176;80;151;72;162;24;123,367292743356110008,0.013003
steepest_intra:edges_start:random,105,76934,23012,53922,127379,113,23;186;114;89;183;143;0;117;68;46;198;139;191;41;193;159;108;18;22;34;54;177;10;184;160;42;43;131;149;47;65;116;115;59;118;109;51;72;151;45;162;194;123;112;127;70;135;6;154;180;53;97;86;75;101;1;152;2;129;120;44;25;16;171;175;113;31;196;81;90;27;165;40;185;179;145;78;92;57;55;52;106;178;49;14;155;144;62;9;33;37;148;167;94;63;79;133;80;176;137,7003705089701388908,0.014748
steepest_intra:edges_start:random,106,76830,23218,53612,147163,132,62;144;14;49;178;106;165;27;90;81;196;40;185;52;55;57;129;92;145;78;31;113;175;171;16;25;44;120;2;1;101;75;86;26;97;152;19;124;94;53;158;154;180;173;63;79;80;176;51;109;118;59;116;65;72;151;133;162;161;135;70;127;123;24;35;84;112;4;184;10;177;54;48;34;160;77;43;42;5;41;193;22;18;139;115;198;46;93;117;143;170;0;153;183;89;186;23;137;148;9,3929553660883509251,0.017999
steepest_intra:edges_start:random,107,81148,25724,55424,134385,122,137;51;59;65;116;43;28;160;42;41;193;139;115;46;0;183;143;117;108;18;159;22;146;34;48;54;177;184;84;123;127;70;135;194;154;180;173;133;162;24;149;151;176;80;79;122;63;94;111;189;182;53;86;75;101;1;97;152;2;120;44;129;57;92;145;78;16;88;171;175;113;56;31;38;81;196;91;185;40;165;90;27;58;164;7;21;144;14;138;32;178;106;52;55;49;62;9;148;186;23,5518817990956468522,0.011038
steepest_intra:edges_start:random,108,77861,24391,53470,135126,120,1;101;75;120;44;16;171;175;113;56;85;31;78;17;196;81;40;119;185;8;138;165;90;27;164;21;144;9;62;155;14;49;178;106;52;55;57;179;91;145;92;129;82;2;152;19;189;63;79;94;124;148;23;89;183;143;117;0;137;176;80;51;59;65;116;105;43;42;41;193;139;115;46;68;108;18;22;146;34;160;184;54;177;4;112;123;162;151;133;135;70;154;180;158;53;121;26;100;86;97,4941905363258888357,0.009188
steepest_intra:edges_start:random,109,78842,25602,53240,149554,134,3;106;52;57;92;145;78;31;113;175;171;16;25;44;120;75;86;53;180;154;173;79;133;151;162;135;70;127;123;112;4;84;65;51;59;116;5;42;43;28;184;10;177;54;48;160;181;34;103;146;22;18;108;69;159;193;41;139;115;46;0;117;143;183;89;23;137;148;12;94;176;80;63;101;1;97;152;2;119;40;165;8;185;196;81;90;27;164;7;21;132;144;155;14;49;102;62;9;128;178,3156017252928400212,0.012032
steepest_intra:edges_start:random,110,78535,24723,53812,125459,113,51;60;46;0;117;143;183;89;23;148;9;62;102;144;14;21;7;164;39;165;90;81;40;185;138;49;3;178;106;52;55;57;92;145;168;31;56;113;175;171;16;78;25;44;120;129;167;172;74;2;75;86;101;1;97;152;94;122;63;182;121;53;180;154;135;70;127;162;123;112;4;84;35;184;190;10;177;54;48;160;149;65;116;43;42;34;146;22;193;41;139;198;115;59;151;133;79;80;176;137,5729152412889780149,0.012059
steepest_intra:edges_start:random,111,76707,24795,51912,128435,115,46;198;139;115;60;0;117;143;183;89;23;137;148;9;62;144;49;14;21;7;164;71;27;90;81;145;31;56;113;175;171;16;44;120;25;78;92;57;55;52;185;40;165;106;178;167;152;2;75;86;101;1;97;189;94;124;130;63;53;180;154;135;133;79;80;176;51;109;59;72;151;162;123;127;112;4;84;184;177;54;48;160;43;65;116;42;5;41;193;181;34;195;146;22;159;18;69;108;140;68,402407074021663372,0.009548
steepest_intra:edges_start:random,112,77221,24031,53190,142609,124,106;52;55;57;92;145;185;40;8;165;27;90;81;196;31;113;175;171;16;78;25;44;120;129;2;152;111;148;12;94;97;1;101;75;86;53;180;154;70;135;194;161;162;123;127;112;4;84;166;184;177;54;34;146;22;18;108;159;193;41;96;42;160;43;77;116;105;65;131;149;59;118;115;139;46;0;143;51;151;133;79;63;122;80;176;137;23;183;89;186;15;9;62;102;49;144;14;138;3;178,2128351573701490369,0.009520
steepest_intra:edges_start:random,113,79060,24634,54426,143637,131,117;143;0;68;46;115;139;41;5;42;43;77;116;105;65;59;118;60;51;72;151;162;133;80;176;137;23;183;89;186;148;9;62;144;49;14;138;178;106;52;185;40;165;39;164;27;90;81;145;78;16;44;120;92;57;129;2;75;86;100;101;1;97;152;167;94;79;63;121;53;158;180;154;135;70;127;123;131;184;35;112;126;4;84;190;10;177;54;48;160;34;146;22;195;159;193;18;108;93;140,3227748422483938315,0.012006
steepest_intra:edges_start:random,114,78039,24061,53978,142013,127,2;1;100;86;101;75;120;44;25;16;171;175;113;31;78;145;179;196;81;90;165;119;40;185;92;57;172;55;52;106;178;32;49;14;73;144;102;62;9;37;148;94;63;122;79;133;80;176;137;23;186;114;89;183;143;0;117;93;140;110;18;108;69;159;22;146;181;41;193;191;139;46;115;59;65;116;43;42;160;34;54;177;184;35;112;4;123;162;151;127;70;135;154;180;158;53;182;99;97;152,5400536084401542838,0.010059
steepest_intra:edges_start:random,115,75797,23183,52614,137696,121,154;135;70;127;123;161;162;133;151;72;118;59;197;116;65;131;105;43;184;10;177;54;48;34;160;42;5;41;193;159;146;22;18;108;139;115;198;46;140;93;117;143;0;153;183;89;186;23;137;66;51;176;80;79;63;94;148;9;62;144;49;3;178;106;14;21;7;164;71;27;90;165;185;40;81;196;31;113;175;171;16;78;145;179;52;55;57;92;44;120;75;2;152;97;1;101;86;53;158;180,4281924857164774594,0.010252
steepest_intra:edges_start:random,116,77539,23769,53770,141701,127,121;86;75;101;1;2;129;57;92;120;44;16;171;175;113;31;78;145;196;81;90;27;164;7;165;119;40;185;55;52;106;178;32;138;14;49;102;155;144;62;9;37;148;124;80;176;137;23;186;89;183;143;0;46;115;197;116;43;28;184;160;42;41;193;139;108;18;159;22;146;34;54;177;4;112;131;65;59;60;109;51;151;162;123;127;70;135;154;158;53;180;173;133;79;63;94;152;97;26;100,1088501875234860962,0.010508
steepest_intra:edges_start:random,117,85487,24750,60737,133964,117,123;29;127;194;173;135;70;154;180;53;86;101;75;120;44;16;78;145;185;40;165;90;27;164;21;144;14;49;32;178;106;52;57;92;2;152;1;97;99;94;124;148;9;62;137;23;89;183;153;0;170;143;117;93;46;139;110;41;96;193;159;108;18;22;146;195;181;34;160;48;54;30;177;10;4;112;35;184;42;43;77;65;105;116;115;59;72;151;51;109;141;176;80;79;63;182;136;133;162;161,5127872768245101796,0.008997
steepest_intra:edges_start:random,118,75141,23704,51437,141943,127,65;116;115;59;118;51;72;162;123;127;135;154;53;182;136;180;133;151;176;80;79;63;122;12;94;121;86;75;101;1;97;152;2;120;44;25;16;171;175;113;56;31;81;196;145;78;92;129;57;55;52;178;106;185;40;165;90;27;164;21;14;49;144;62;9;148;137;23;89;183;143;0;117;93;68;46;139;191;108;69;18;22;159;193;41;42;160;34;54;177;4;112;84;35;184;28;43;77;131;149,4904977901560726163,0.009000
steepest_intra:edges_start:random,119,77143,24442,52701,148213,134,176;51;59;65;116;43;115;198;46;137;23;186;89;183;143;0;117;68;139;163;108;69;18;22;159;193;41;96;42;181;34;160;48;54;177;10;184;112;123;127;70;135;162;151;133;79;122;63;182;136;180;154;158;53;26;86;101;1;97;152;2;75;120;44;92;57;55;52;145;78;16;171;175;113;56;13;31;196;81;40;185;165;90;27;164;21;144;14;106;178;49;62;9;15;148;111;94;130;12;80,9222993325378409699,0.010038
steepest_intra:edges_start:random,120,74975,23931,51044,152859,137,101;75;86;97;152;94;80;176;51;151;162;133;79;63;182;53;180;154;135;70;127;123;112;4;190;10;177;54;48;184;160;34;181;146;22;159;193;41;96;5;42;43;77;116;65;149;59;118;115;46;198;139;69;18;108;93;140;117;0;170;143;183;89;23;137;148;37;9;62;49;32;14;144;21;164;27;90;81;40;165;185;106;178;52;55;57;111;129;92;145;78;31;113;175;171;16;44;120;2;1,4366616171719144598,0.010969
steepest_intra:edges_start:random,121,78586,22480,56106,136403,125,106;178;3;138;14;144;49;102;62;9;148;128;167;111;124;94;130;63;79;133;80;176;137;89;183;143;170;117;0;46;115;139;108;18;22;146;159;193;41;42;160;34;48;54;177;4;112;84;184;43;116;65;59;51;151;162;123;127;135;154;180;53;86;75;101;100;26;97;1;152;2;120;44;129;92;57;55;91;145;78;168;38;16;171;175;113;56;31;157;17;196;169;81;98;90;27;165;40;185;52,6484966508860698029,0.010152
steepest_intra:edges_start:random,122,76846,23632,53214,148785,131,1;97;189;94;124;148;37;102;49;14;3;178;106;52;55;57;92;129;120;44;25;78;145;31;16;171;175;113;56;196;81;174;185;40;119;165;90;27;164;21;144;155;62;9;137;23;89;183;143;0;51;109;59;116;65;47;131;77;43;42;96;115;46;198;139;41;193;159;69;108;18;22;146;34;160;54;184;112;127;123;162;72;151;133;176;80;79;63;135;70;154;180;53;121;26;86;101;75;2;152,7142170076434282728,0.010974
steepest_intra:edges_start:random,123,76111,22671,53440,139808,124,63;79;133;162;151;72;59;51;176;80;122;94;189;19;97;86;75;101;1;152;2;120;44;129;57;92;145;78;16;171;175;113;56;31;157;196;81;90;27;165;40;185;52;106;178;138;14;49;155;144;62;9;148;15;64;114;186;137;23;89;183;143;0;117;93;46;115;139;18;22;146;34;195;159;193;41;5;116;65;105;43;42;181;160;48;54;177;184;4;112;123;127;70;135;154;180;158;53;121;136,848742762533294935,0.009742
steepest_intra:edges_start:random,124,77145,23527,53618,134920,123,46;139;115;116;43;105;65;47;149;59;162;151;133;79;63;80;176;137;23;183;89;186;148;111;37;9;62;102;49;14;155;144;21;164;27;90;165;8;40;119;185;138;178;106;52;55;57;92;129;82;145;78;31;113;175;171;16;44;120;2;75;101;1;97;152;94;189;99;100;86;53;180;154;135;70;127;123;112;4;184;28;160;177;54;34;181;42;41;193;159;146;22;18;69;108;93;117;143;153;0,63683428798658222,0.010007
steepest_intra:edges_start:random,125,76373,24067,52306,149396,132,63;122;79;80;176;51;137;89;183;143;0;117;93;140;108;18;22;159;193;41;115;198;139;68;46;59;197;116;65;131;43;42;181;34;192;160;184;48;54;177;10;190;4;112;123;127;162;151;133;135;154;180;158;53;86;26;97;189;152;1;101;75;2;120;44;25;145;78;16;171;175;113;31;157;185;40;165;90;27;164;7;21;144;14;138;106;52;92;57;55;178;3;49;62;9;15;148;33;124;94,4027975054703790600,0.010003
steepest_intra:edges_start:random,126,77382,23800,53582,135448,121,57;92;78;145;179;185;55;52;106;178;3;49;62;9;148;137;23;186;64;144;14;138;165;40;27;90;81;196;38;31;13;113;56;175;171;16;25;44;120;75;101;1;97;100;86;53;180;154;135;70;127;123;162;151;65;47;184;10;177;54;160;34;181;41;193;159;146;22;20;18;69;108;36;140;93;117;143;183;89;0;46;198;139;115;96;42;43;116;59;51;176;80;79;63;94;12;124;152;2;129,2805952904365835674,0.011297
steepest_intra:edges_start:random,127,77175,22993,54182,143788,129,4;112;123;162;151;133;135;70;154;180;53;100;26;19;152;97;1;101;86;75;2;120;44;92;145;78;31;16;171;175;113;56;85;38;196;81;90;165;40;185;57;55;52;106;178;49;14;144;62;9;15;148;124;94;189;121;63;122;79;80;176;66;51;60;118;59;197;65;47;116;43;42;96;41;193;139;115;198;46;0;137;23;186;89;183;143;117;108;18;159;22;146;195;181;34;160;54;177;184;84,8496526212914151543,0.009039
steepest_intra:edges_start:random,128,77500,23352,54148,142646,128,162;45;151;80;176;137;89;183;143;117;0;46;198;139;67;108;69;18;199;193;41;159;22;146;103;195;181;34;160;54;177;184;84;4;112;35;47;65;116;43;42;115;109;51;59;149;131;123;127;135;154;180;53;99;19;97;86;75;101;1;152;87;2;120;44;25;78;16;171;175;113;31;81;196;145;92;57;55;52;178;106;185;40;165;90;164;7;21;144;14;49;102;62;9;148;124;94;63;79;133,5482868272297339732,0.009966
steepest_intra:edges_start:random,129,78053,22845,55208,145357,132,19;152;125;167;148;9;62;102;144;14;49;178;106;52;55;185;40;165;90;81;31;56;113;175;171;16;78;145;92;57;129;25;44;120;2;87;1;75;86;101;97;99;182;53;180;154;135;70;127;133;79;63;122;80;176;51;72;151;162;123;24;149;131;35;112;84;184;177;54;160;34;181;42;43;116;47;65;59;118;197;115;41;193;159;22;18;108;139;198;46;0;117;143;183;89;23;137;12;94;189,4882726790180143731,0.012002
steepest_intra:edges_start:random,130,75535,24818,50717,137132,121,178;49;32;138;165;90;27;164;21;14;144;62;148;137;23;186;89;183;143;117;0;46;115;139;163;108;67;69;18;22;146;34;181;159;193;41;5;42;160;48;54;177;184;28;43;116;65;131;149;59;51;176;80;151;162;123;4;112;127;70;135;154;180;133;79;63;94;124;189;53;100;97;152;1;101;86;75;2;129;92;179;145;78;25;120;44;16;171;175;113;56;31;196;81;40;185;57;55;52;106,6496277790962933787,0.009031
steepest_intra:edges_start:random,131,79922,24384,55538,140514,125,78;145;179;40;90;27;164;39;165;185;52;55;57;92;129;2;1;97;125;74;152;94;130;124;148;37;106;178;138;14;49;102;144;61;62;9;15;186;114;137;23;89;183;153;143;117;0;46;115;139;41;193;159;18;22;146;34;54;160;42;43;35;184;177;10;4;112;123;131;65;116;59;118;72;51;66;176;80;63;79;133;151;162;194;135;127;70;154;180;53;100;26;86;101;75;120;44;16;171;175,3606445422262595064,0.010003
steepest_intra:edges_start:random,132,81612,24399,57213,140604,125,129;152;111;148;9;62;102;49;178;106;52;185;40;81;90;165;14;144;89;183;137;176;80;51;109;118;59;72;151;133;173;135;194;162;123;24;131;65;116;43;42;5;115;46;0;143;117;108;18;69;139;41;193;159;22;146;181;34;160;184;177;112;127;70;6;154;180;53;136;182;63;79;122;12;130;94;189;19;26;86;121;97;1;101;150;75;2;120;44;16;171;175;113;56;31;78;145;92;57;55,8407265405620463948,0.009998
steepest_intra:edges_start:random,133,80847,24087,56760,137685,124,75;101;86;100;1;2;87;125;152;97;19;189;124;94;79;63;182;136;53;180;154;135;127;123;162;151;133;80;176;137;51;59;197;65;116;43;42;28;184;35;112;4;10;177;54;48;160;34;181;146;22;159;193;41;191;139;115;46;68;18;108;117;143;183;89;148;9;62;61;73;144;14;49;178;106;8;185;40;165;7;164;27;90;81;31;113;175;171;16;78;168;145;52;55;57;92;129;44;25;120,3222672053245836525,0.010484
steepest_intra:edges_start:random,134,78075,23448,54627,138347,125,42;5;116;65;43;184;54;177;112;123;135;154;180;158;53;136;97;86;75;101;1;152;87;2;120;44;25;82;129;92;145;78;16;171;175;113;56;31;157;17;196;81;187;90;27;164;7;165;119;40;185;52;55;57;172;106;178;14;144;155;49;102;62;9;15;186;148;37;124;94;63;122;79;133;162;72;59;51;151;80;176;137;23;89;183;143;0;117;68;46;115;139;41;193;159;18;22;146;34;160,8909753070309346470,0.010017
steepest_intra:edges_start:random,135,74981,23163,51818,137569,121,165;119;40;185;3;178;106;52;55;57;129;92;145;78;31;56;113;175;171;16;25;44;120;2;152;97;1;101;75;86;121;53;180;154;135;70;127;123;112;4;84;184;10;177;54;34;160;42;41;193;159;146;22;18;108;140;93;117;143;0;46;139;115;43;116;65;59;162;133;151;109;51;66;176;80;79;63;136;94;37;148;137;23;76;183;89;186;15;9;62;102;49;32;138;14;144;21;7;164;90,6933526980722666508,0.009995
steepest_intra:edges_start:random,136,80149,23820,56329,141024,123,146;22;18;108;159;193;41;139;115;5;42;181;160;184;35;131;43;116;47;65;59;51;176;137;23;89;183;62;9;37;148;167;57;55;52;106;178;3;32;49;14;144;21;164;27;90;174;40;39;165;185;169;196;81;157;31;56;50;113;175;171;88;16;38;78;145;92;129;25;44;120;2;75;86;101;1;152;97;53;180;154;135;133;79;63;94;130;80;151;162;123;112;4;84;190;10;177;54;48;34,4134583770476698849,0.010028
steepest_intra:edges_start:random,137,76679,24269,52410,128732,116,0;143;117;139;41;193;159;69;108;18;22;146;34;160;48;54;177;10;4;112;127;123;161;162;151;133;135;154;180;63;122;79;80;12;148;167;124;94;189;152;97;121;53;26;1;101;86;75;2;120;44;25;16;171;175;113;31;78;145;92;129;57;55;52;185;40;165;90;27;164;21;144;14;3;106;178;49;62;9;186;89;183;23;137;176;51;118;59;197;116;105;65;47;131;184;166;43;42;115;46,1451646199195455188,0.009000
steepest_intra:edges_start:random,138,76275,23589,52686,146621,129,34;146;22;159;193;41;139;68;46;115;96;5;42;43;105;116;65;47;77;131;59;162;151;133;80;176;51;137;0;143;183;89;148;167;9;62;144;14;49;178;106;52;55;185;40;165;95;7;21;164;71;27;90;187;81;196;145;179;57;92;129;82;78;31;113;175;171;16;44;120;2;75;101;86;26;97;1;152;111;124;94;79;63;53;158;180;154;135;70;127;123;112;4;84;184;10;177;54;48;160,1213499040183791889,0.010035
steepest_intra:edges_start:random,139,79684,24859,54825,127751,116,0;143;183;89;23;186;114;64;62;9;61;144;155;14;21;7;164;27;90;165;185;119;40;81;145;168;38;31;113;175;171;16;44;25;78;92;57;55;52;106;178;32;49;37;148;124;94;189;97;152;2;120;75;101;1;26;86;53;182;63;79;151;133;180;154;135;70;127;123;162;184;10;177;54;160;34;181;146;22;159;193;41;139;115;96;42;43;116;65;59;51;66;176;80;137;46;18;108;93;117,3996660848738985964,0.009967
steepest_intra:edges_start:random,140,79117,22866,56251,142529,128,135;154;180;133;161;162;151;72;59;109;51;176;80;79;63;94;121;136;53;100;86;75;101;1;97;152;2;129;57;92;145;168;78;120;44;25;16;171;175;113;56;85;31;17;196;81;90;27;39;165;119;40;185;55;52;106;178;3;138;14;49;144;62;9;172;33;148;15;186;137;23;89;183;153;0;143;117;93;108;18;22;34;160;181;159;193;41;139;115;116;65;47;43;42;184;177;112;123;127;70,2304203864919095780,0.010039
steepest_intra:edges_start:random,141,77278,23486,53792,130629,116,63;122;80;176;51;118;59;151;162;127;123;65;116;43;42;184;10;177;54;48;160;34;22;18;159;193;41;139;115;46;93;117;0;143;183;89;23;137;186;15;144;14;49;62;9;148;94;189;19;100;97;1;152;74;2;129;92;57;55;52;178;106;185;40;8;165;21;7;164;95;27;90;174;81;169;196;17;31;56;113;175;171;16;78;145;25;44;120;75;101;86;53;158;180;154;70;135;173;133;79,2336875677962958460,0.009001
steepest_intra:edges_start:random,142,78717,24787,53930,127800,113,173;154;70;135;133;151;45;162;123;127;112;4;84;149;47;65;116;43;42;5;41;193;159;195;192;160;184;10;177;54;48;34;146;22;18;108;140;93;117;0;46;139;115;59;51;176;80;79;122;63;94;148;137;153;143;183;89;23;186;64;62;9;144;49;14;21;164;90;165;40;185;8;106;178;52;55;57;129;92;145;196;81;31;13;113;56;175;171;16;78;44;120;2;152;97;1;101;86;53;180,3914644051919013481,0.009000
steepest_intra:edges_start:random,143,76677,23973,52704,138931,125,184;160;34;146;22;18;69;108;163;159;193;41;181;42;43;77;65;105;116;96;115;118;46;198;139;93;117;0;143;183;89;186;23;137;176;80;79;63;94;152;2;129;78;145;92;57;55;52;106;178;49;102;62;9;37;148;15;144;14;138;165;8;185;40;90;81;169;196;31;113;175;171;16;44;120;1;97;101;86;53;158;154;180;133;162;151;51;59;123;135;70;127;126;112;4;190;10;177;54;48,858778125361095551,0.010509
steepest_intra:edges_start:random,144,79888,24984,54904,137673,124,178;106;52;55;57;92;2;74;152;97;121;182;63;79;94;124;148;9;62;137;89;183;143;0;18;159;22;146;34;181;41;193;110;139;115;46;109;51;66;176;80;133;162;151;72;59;65;47;116;105;43;42;28;160;48;54;177;10;190;184;84;4;112;123;127;70;135;154;180;53;86;101;1;75;120;44;78;145;31;16;171;175;113;56;50;81;196;185;40;119;90;164;7;165;138;14;73;144;102;49,1337821796509443507,0.009000
steepest_intra:edges_start:random,145,80784,27601,53183,121016,109,94;23;186;148;9;62;15;137;176;51;151;162;72;59;118;115;198;139;110;68;46;0;153;183;89;143;117;18;108;69;193;41;159;195;22;146;34;160;54;177;4;112;184;166;43;42;197;116;65;47;123;24;127;70;135;154;180;133;80;79;63;53;86;101;75;44;16;171;175;113;31;78;145;55;52;185;165;40;196;81;90;27;164;7;21;144;14;49;178;106;128;111;57;92;120;2;152;1;97;189,7249789566105141744,0.010001
steepest_intra:edges_start:random,146,77706,24369,53337,143582,128,182;97;101;75;86;53;158;180;154;70;135;151;133;79;63;80;176;51;59;149;65;116;43;42;28;184;35;123;112;4;84;190;10;177;54;160;34;181;146;22;18;108;69;159;193;41;139;115;118;46;0;143;183;89;23;137;148;37;9;62;61;144;49;14;138;32;178;106;8;165;7;164;90;81;196;40;185;52;55;57;129;92;145;157;38;31;56;113;175;171;16;78;25;44;120;2;1;152;12;94,5132566150272623353,0.011001
steepest_intra:edges_start:random,147,80420,23626,56794,136093,122,14;165;27;90;81;196;174;40;185;179;145;78;168;31;56;113;175;171;16;25;44;120;75;86;53;158;180;154;70;135;133;80;176;51;109;60;59;72;151;162;123;127;112;4;84;47;65;116;43;166;184;10;177;54;160;34;22;159;193;41;181;42;115;139;46;0;143;183;89;23;137;186;62;9;61;144;49;167;148;12;94;122;79;63;136;182;101;1;97;152;2;82;129;92;57;55;52;106;178;32,4590361837390643289,0.009510
steepest_intra:edges_start:random,148,77572,24649,52923,146490,130,31;81;90;27;164;95;39;165;40;185;196;145;78;82;129;92;57;55;52;106;178;3;49;14;144;62;9;148;61;73;183;89;186;23;137;12;94;124;63;182;136;180;133;79;80;176;51;151;162;59;65;116;166;43;42;181;146;22;18;108;93;117;143;0;46;198;115;139;41;193;159;195;34;160;48;54;177;10;184;35;123;127;135;154;53;121;100;86;75;101;1;97;152;2;120;44;16;171;175;113,4023528097101006181,0.010001
steepest_intra:edges_start:random,149,85351,23851,61500,115222,105,169;145;78;120;44;25;16;171;175;113;56;13;31;17;196;81;90;27;39;165;14;49;178;106;52;55;57;172;152;94;111;167;148;37;9;62;144;73;15;64;114;186;23;83;89;183;143;0;137;176;51;59;115;139;116;42;5;41;193;159;22;34;160;54;184;43;77;65;149;24;123;127;70;135;6;162;151;80;122;63;79;133;180;154;53;121;189;99;97;101;86;75;1;74;2;129;92;179;185;40,7413034577759091827,0.007999
steepest_intra:edges_start:random,150,78150,23767,54383,147817,134,66;51;109;151;133;162;123;127;135;154;180;53;86;101;75;120;44;145;78;16;171;175;113;31;196;81;40;185;8;165;90;27;164;7;21;138;14;155;144;49;62;9;33;148;167;3;178;106;52;55;57;92;129;2;152;1;97;94;63;122;79;80;176;137;15;186;23;89;183;143;0;117;93;140;108;18;193;41;159;22;146;34;54;177;184;160;192;42;43;166;149;65;47;77;105;116;59;115;139;46,6941685621147349631,0.011511
steepest_intra:edges_start:random,151,78351,23818,54533,136523,120,77;43;42;160;48;184;126;112;4;10;177;54;30;34;181;41;193;22;18;108;139;68;46;0;143;183;89;186;23;137;148;167;130;94;99;152;2;129;92;57;55;52;106;178;49;9;62;144;14;138;185;165;27;90;187;81;174;119;40;169;196;145;78;31;113;175;171;16;25;44;120;75;101;1;97;100;86;53;158;180;154;135;70;127;123;194;162;151;133;79;63;80;176;51;59;115;96;116;65;131,5209013433984071875,0.010015
steepest_intra:edges_start:random,152,77333,22778,54555,140949,126,108;18;22;193;41;96;42;181;34;160;54;177;10;184;43;77;47;65;149;116;197;59;72;51;176;80;133;151;162;123;127;70;135;154;180;53;136;63;79;94;189;97;1;101;75;86;26;19;152;2;120;44;25;16;88;171;175;113;56;31;85;78;168;145;179;92;129;57;55;52;106;178;138;185;40;165;90;27;164;7;21;14;49;144;62;9;148;137;23;89;183;153;0;143;117;93;140;46;115;139,7797294402103972815,0.009983
steepest_intra:edges_start:random,153,77861,23441,54420,135771,124,16;44;120;129;57;92;78;145;179;91;52;55;106;178;49;102;62;9;33;148;12;137;66;176;80;79;122;63;94;124;152;74;2;75;86;101;1;97;121;53;158;180;154;135;70;127;123;162;133;151;51;59;65;47;131;184;177;54;48;160;34;22;18;108;159;193;41;42;43;105;116;115;139;46;0;117;143;183;89;23;186;144;14;21;7;164;27;90;165;40;185;169;196;81;98;31;56;113;175;171,4969240579547103281,0.010000
steepest_intra:edges_start:random,154,78757,23008,55749,136259,123,109;51;176;80;122;94;111;167;148;62;144;14;49;178;106;52;55;57;92;78;145;185;40;165;27;90;81;196;31;56;113;175;171;16;44;120;75;86;101;97;1;2;74;152;121;53;136;182;63;79;133;151;162;161;194;180;154;135;70;127;123;24;72;59;65;116;105;131;35;112;4;84;190;10;177;184;77;43;42;160;48;54;34;146;22;18;159;193;41;191;139;115;46;0;143;183;89;186;23;137,2486702725396824454,0.009506
steepest_intra:edges_start:random,155,77912,25147,52765,131009,118,59;118;115;46;139;41;193;159;18;22;146;195;181;34;160;184;177;4;112;131;43;42;5;116;65;123;162;45;151;133;79;122;63;180;154;194;135;70;53;158;136;94;130;148;167;152;1;97;189;100;86;101;75;2;120;44;25;129;92;145;78;31;16;171;175;113;56;81;90;27;164;7;95;165;40;185;196;179;57;55;52;106;178;3;49;14;144;62;9;89;183;143;117;0;23;137;176;80;51;109,8548572822360964156,0.008999
steepest_intra:edges_start:random,156,75548,22958,52590,139022,122,66;176;80;122;63;79;133;151;162;123;127;70;135;173;180;154;158;53;136;121;94;152;2;101;1;97;100;86;75;120;44;129;92;57;55;52;178;106;185;179;145;78;16;171;175;113;31;157;196;81;40;165;39;90;27;71;164;7;21;14;3;49;102;144;62;9;37;148;137;89;183;143;0;46;139;41;193;159;108;18;22;146;34;160;54;30;177;10;184;131;149;47;65;116;43;42;5;115;59;51,1082799844935339577,0.010001
steepest_intra:edges_start:random,157,78631,25989,52642,140713,126,14;49;37;148;124;94;121;63;122;80;79;133;151;162;194;135;180;53;154;70;127;123;131;112;4;177;54;184;160;34;181;146;22;18;108;93;117;143;183;0;46;60;115;139;41;193;159;42;43;116;65;59;176;137;23;186;9;62;102;144;132;21;7;164;165;185;40;90;81;196;145;78;157;31;13;56;113;175;171;16;25;44;120;75;101;86;26;97;1;152;2;129;92;57;172;106;52;55;178;138,815784712209101546,0.009999
steepest_intra:edges_start:random,158,76601,22615,53986,148132,135,75;101;1;97;152;87;2;120;44;16;171;175;113;56;31;78;145;92;129;57;55;52;185;40;169;196;81;90;27;165;106;178;3;49;14;144;62;9;114;186;89;183;23;137;148;128;167;111;94;189;121;182;63;122;176;80;79;133;151;162;59;65;116;77;43;42;41;193;139;115;198;46;0;153;143;117;93;140;108;18;159;22;146;34;160;48;54;177;10;190;184;112;123;127;135;154;180;53;100;86,2620244721562592848,0.010000
steepest_intra:edges_start:random,159,77711,24353,53358,137134,124,92;129;57;55;52;106;178;3;138;165;185;40;81;90;27;95;164;7;21;14;49;144;62;148;89;183;143;117;0;46;115;139;18;22;146;159;193;41;96;118;59;65;116;105;77;43;42;181;34;160;54;177;10;184;35;123;127;161;162;151;109;51;137;176;80;79;133;173;135;70;154;180;158;53;136;182;63;94;152;1;97;121;100;86;101;75;2;120;44;25;78;31;16;171;175;113;56;157;145;179,1562076827386801997,0.010001
steepest_intra:edges_start:random,160,80690,25414,55276,134583,121,90;119;40;185;165;164;21;14;49;144;62;9;148;15;137;23;89;183;143;117;0;46;108;18;22;159;193;41;181;34;160;54;177;10;190;184;149;65;116;77;43;42;5;191;139;115;59;72;51;66;176;80;151;162;123;127;70;135;194;133;79;122;130;94;63;182;180;154;158;53;86;75;101;1;97;189;152;74;128;178;32;106;52;55;57;87;2;120;44;129;92;145;78;31;16;171;175;113;196;81,9031623676002432589,0.010000
steepest_intra:edges_start:random,161,79845,23765,56080,132661,121,64;114;186;89;183;23;137;148;111;167;55;57;92;129;2;87;152;19;189;94;63;79;133;151;80;176;51;118;59;197;116;65;47;43;42;181;159;193;41;96;115;191;139;46;0;143;117;93;108;18;22;146;103;34;160;184;54;177;10;4;112;35;131;162;123;127;70;135;154;180;158;53;136;86;100;97;1;101;75;120;44;16;171;175;78;145;40;90;165;185;52;106;178;14;155;144;49;62;9;15,1024735332374721418,0.008999
steepest_intra:edges_start:random,162,76274,22911,53363,151924,137,96;41;193;159;22;18;108;139;115;198;46;0;117;143;183;89;137;148;9;62;102;49;144;155;14;3;178;106;52;55;57;185;40;8;165;39;164;27;90;174;81;169;196;31;56;113;175;171;16;78;145;92;129;82;120;44;25;2;75;86;101;1;97;152;19;94;80;176;51;151;133;79;63;121;53;180;154;135;70;127;123;162;59;116;65;131;11;112;4;84;184;177;54;48;160;34;181;42;43;5,6345002971975831297,0.010512
steepest_intra:edges_start:random,163,77423,25552,51871,136593,119,46;139;41;193;159;42;5;116;59;72;151;133;162;135;70;127;123;65;105;43;35;112;4;10;177;54;48;184;160;34;22;18;108;93;117;0;170;143;183;89;23;137;114;144;49;14;21;164;27;90;81;31;56;113;175;171;16;44;120;2;78;145;196;169;40;119;165;185;106;178;52;55;57;92;129;167;128;62;9;148;111;124;94;152;97;1;101;75;86;53;154;180;63;122;79;80;176;51;109;115,6415579052860624726,0.010999
steepest_intra:edges_start:random,164,75807,23680,52127,134833,123,75;86;53;180;154;135;79;80;133;151;162;123;127;112;4;184;177;54;48;34;146;22;160;42;43;166;77;47;65;116;41;193;159;18;69;108;93;117;143;0;46;68;139;115;59;51;176;137;23;183;89;186;114;15;144;155;14;49;102;62;9;37;148;124;94;63;182;26;101;1;97;152;2;129;92;57;55;52;178;106;185;40;165;27;90;81;196;168;145;78;157;31;56;113;175;171;16;25;44;120,620031293608049842,0.008505
steepest_intra:edges_start:random,165,76759,23293,53466,139342,125,120;2;152;97;1;101;75;86;53;182;180;154;135;70;127;123;161;162;151;51;59;115;116;65;131;77;43;42;184;190;10;177;30;54;48;160;192;181;34;103;146;195;22;18;159;193;41;139;198;46;0;117;143;183;89;137;176;80;133;79;63;94;124;148;37;9;62;144;102;49;178;14;21;7;164;27;90;165;185;40;81;196;31;38;113;56;50;175;171;16;25;78;145;92;57;55;52;106;129;44,3165073788844490628,0.011001
steepest_intra:edges_start:random,166,76440,22136,54304,135880,120,152;97;26;100;86;75;101;1;2;120;44;16;171;175;113;31;196;91;179;145;78;92;129;57;55;52;178;106;185;40;174;81;90;165;21;144;155;14;49;102;62;9;148;167;94;63;122;79;80;176;137;23;89;183;143;117;0;46;198;139;115;96;5;42;41;193;159;69;108;18;199;22;146;34;181;160;54;177;184;28;43;47;65;116;59;118;109;51;72;151;133;162;123;135;154;180;158;53;121;189,5656486916868695749,0.009000
steepest_intra:edges_start:random,167,74363,23159,51204,150228,136,1;101;86;75;2;120;44;25;16;171;175;113;31;81;196;78;145;179;92;129;57;52;185;40;165;90;27;164;7;21;106;178;3;49;14;144;62;9;37;148;15;114;186;23;137;183;143;0;117;93;46;115;139;41;193;159;18;22;146;34;160;48;54;177;10;190;4;112;84;184;43;42;5;116;65;59;118;51;151;45;162;123;127;70;135;154;180;158;53;136;63;79;133;80;176;94;189;152;74;97,6751991273740047771,0.011000
steepest_intra:edges_start:random,168,76232,23987,52245,131269,117,184;149;65;116;43;42;5;115;139;198;46;68;110;142;41;193;159;195;146;22;18;69;108;93;117;0;143;183;89;23;137;9;62;144;49;14;138;185;40;165;27;90;81;196;31;113;175;171;16;25;44;120;78;145;92;129;57;55;52;106;178;167;148;111;152;2;1;101;75;86;97;124;94;80;176;59;162;151;133;79;63;182;121;53;180;154;6;135;70;127;123;112;4;10;177;54;48;34;181;160,2282504263039285470,0.009000
steepest_intra:edges_start:random,169,76440,24027,52413,132789,122,0;143;117;93;140;68;139;41;193;159;22;146;34;160;54;177;184;4;112;123;127;70;135;154;180;53;86;101;97;1;75;120;44;16;171;175;113;56;31;157;196;81;179;145;78;92;57;55;52;185;40;119;165;90;27;164;7;106;178;49;14;144;102;62;9;15;186;89;183;23;137;176;148;111;129;2;152;124;94;121;182;63;79;80;133;162;45;151;51;60;118;59;65;116;77;43;42;96;115;46,1876075453923402962,0.009000
steepest_intra:edges_start:random,170,77621,24561,53060,142846,127,26;97;1;125;152;94;124;148;37;111;178;106;185;40;165;90;81;31;113;175;171;16;78;145;44;120;82;2;129;92;57;55;52;49;14;144;62;9;186;23;89;183;143;117;108;18;159;22;146;34;160;48;54;30;177;10;190;4;112;84;184;131;65;59;197;116;105;77;43;42;41;193;139;115;198;46;68;0;137;176;51;109;151;162;123;127;70;135;133;80;79;63;121;136;180;154;53;86;75;101,4067045863562894868,0.011000
steepest_intra:edges_start:random,171,76409,24941,51468,138185,121,149;65;105;116;115;118;59;151;162;123;127;70;135;194;154;180;182;53;86;75;120;44;16;171;175;113;56;31;157;81;196;40;90;27;164;7;95;165;185;106;178;3;14;49;52;55;57;179;145;78;92;129;2;1;101;26;97;152;111;94;63;122;79;133;80;176;137;148;37;9;62;144;186;89;183;143;0;117;93;46;139;108;18;22;159;193;41;96;42;43;184;160;34;48;54;177;4;112;35;131,596593302123227181,0.009000
steepest_intra:edges_start:random,172,74917,22474,52443,142905,129,77;116;65;59;118;72;109;51;151;133;162;123;127;70;135;154;180;53;136;182;121;189;97;100;86;75;101;1;152;74;2;120;44;129;92;145;78;16;171;175;113;31;38;196;81;90;27;164;7;165;119;40;185;57;55;52;106;178;138;14;144;49;102;62;9;37;148;167;94;63;79;80;176;137;23;186;89;183;143;117;0;46;115;139;41;193;159;18;22;146;181;42;160;34;48;54;177;10;184;43,3823232075815775830,0.011000
steepest_intra:edges_start:random,173,78685,23384,55301,145206,131,16;171;175;113;56;31;78;145;92;129;57;55;52;178;106;185;40;90;165;138;14;49;155;144;73;62;9;148;137;23;186;89;183;143;0;46;198;115;59;118;139;69;108;18;20;22;103;146;159;193;41;96;181;42;43;116;65;77;184;160;34;48;54;177;4;112;123;127;70;135;154;158;180;161;162;151;51;176;80;133;79;63;122;130;94;152;97;1;150;101;100;189;121;53;86;75;2;120;44;25,1597136757465833457,0.011002
steepest_intra:edges_start:random,174,78500,25174,53326,139382,127,17;196;185;40;165;39;90;27;164;21;14;144;62;9;49;178;106;52;148;15;186;137;23;89;183;143;0;46;139;69;108;18;22;146;159;193;41;115;5;42;181;34;160;48;54;177;10;184;84;4;112;29;127;123;43;116;65;59;51;151;133;162;135;70;154;180;63;79;80;176;124;94;189;53;121;86;101;1;97;152;2;75;120;44;129;57;92;145;78;16;171;175;113;56;85;31;38;81;174;98,5482995384004294012,0.009508
steepest_intra:edges_start:random,175,74684,23651,51033,146762,130,16;171;175;113;56;31;78;145;92;129;57;55;52;185;40;81;90;165;106;178;138;14;21;144;49;102;62;9;37;148;111;167;152;124;94;189;121;53;180;154;135;127;123;112;4;84;184;190;10;177;54;160;34;181;42;5;115;41;193;159;146;22;18;108;139;198;46;140;93;117;0;143;183;89;23;137;176;80;51;59;65;116;105;43;131;149;162;151;133;79;63;136;86;75;101;97;1;2;120;44,568684581473968621,0.010522
steepest_intra:edges_start:random,176,75513,24248,51265,146267,129,171;16;25;44;120;75;1;101;86;53;26;97;152;2;129;78;145;92;57;55;52;106;178;3;49;62;9;148;94;122;79;63;136;180;154;135;70;127;123;162;45;151;133;80;176;51;60;118;59;116;65;149;77;43;160;184;112;4;10;177;54;34;181;42;96;115;46;139;191;41;193;159;22;18;69;108;93;117;0;143;183;137;23;186;144;14;138;21;164;27;90;165;185;40;81;196;31;56;113;175,2835566029939659807,0.010509
steepest_intra:edges_start:random,177,77725,23389,54336,140513,125,94;63;122;79;80;176;137;23;89;183;143;117;0;46;115;139;41;193;69;108;18;159;195;22;146;34;181;160;54;177;10;190;184;42;5;43;77;131;65;105;116;59;72;51;151;133;173;194;162;123;127;135;154;180;158;53;100;97;152;1;101;86;75;2;120;44;25;16;171;175;113;31;168;78;145;92;57;52;106;178;138;165;8;185;119;40;196;81;90;27;164;21;144;14;49;62;9;148;128;124,6021764419166360672,0.009508
steepest_intra:edges_start:random,178,77613,23703,53910,144674,131,25;16;171;175;113;31;196;81;90;27;39;165;40;185;8;138;32;14;144;114;186;89;183;23;137;176;12;130;94;182;136;63;79;80;133;162;45;151;51;72;59;115;46;0;143;117;108;18;139;193;41;42;181;22;34;54;177;184;48;160;43;116;65;131;123;127;70;135;154;180;158;53;121;100;26;97;1;101;86;75;2;152;167;148;37;9;62;49;178;106;52;55;57;129;92;179;145;78;120;44,8086859583259040294,0.011000
steepest_intra:edges_start:random,179,78810,24775,54035,130228,119,131;43;42;181;34;160;48;30;54;104;177;10;190;184;35;84;4;112;123;127;70;135;154;180;79;63;136;53;86;101;1;75;120;44;16;171;175;113;31;78;145;92;129;2;152;97;94;148;33;49;14;3;178;106;52;185;169;196;81;90;40;119;165;21;144;62;9;15;137;176;80;133;161;162;151;51;59;118;46;0;183;143;117;68;139;191;69;108;18;22;146;159;193;41;198;115;96;116;65;47,9146436145494225982,0.009000
steepest_intra:edges_start:random,180,75855,24443,51412,141239,128,10;184;42;43;77;105;116;65;149;162;123;127;70;135;154;180;158;53;100;26;97;1;101;86;75;120;44;145;78;16;171;175;113;31;81;40;119;185;165;90;164;21;14;144;62;9;49;178;106;52;55;57;92;2;152;19;63;79;94;124;167;148;186;89;183;23;137;176;80;133;151;51;109;59;115;46;68;0;170;143;117;93;140;36;198;139;41;193;159;108;18;22;146;181;34;160;48;54;30;177,2350742988041294526,0.010000
steepest_intra:edges_start:random,181,75766,22467,53299,147789,133,48;54;177;10;190;4;112;123;127;135;154;180;136;53;86;75;101;1;97;152;2;120;44;25;16;171;175;113;56;31;78;145;92;57;55;52;185;40;81;90;27;165;106;178;49;102;14;144;73;61;62;9;148;94;63;79;80;133;162;151;72;59;118;51;176;137;23;186;89;183;153;0;143;117;93;140;46;115;139;163;108;69;18;199;22;146;34;181;159;142;193;41;5;42;116;65;47;43;184;160,2836496451457046923,0.012001
steepest_intra:edges_start:random,182,77186,22571,54615,149576,133,122;80;79;133;162;151;176;137;23;186;114;89;183;143;170;0;117;93;140;108;69;18;22;159;193;41;139;110;68;46;118;51;59;115;5;42;181;34;160;54;177;10;184;43;77;105;116;65;47;131;123;135;154;180;53;26;97;86;75;101;1;152;74;111;128;52;55;57;92;129;2;120;44;16;171;175;113;31;78;145;196;81;90;165;40;185;8;106;178;3;49;14;144;62;9;33;148;124;94;63,6529600543329193291,0.011001
steepest_intra:edges_start:random,183,77767,23745,54022,135783,121,75;101;1;97;152;2;120;44;16;171;175;113;56;31;85;38;157;78;145;92;57;55;52;178;106;185;169;196;81;90;40;119;165;39;95;164;21;14;49;144;61;62;9;37;148;186;23;89;183;143;0;137;111;124;94;63;79;80;176;133;162;151;51;59;65;116;43;5;41;193;115;139;108;18;159;22;146;34;181;42;160;48;54;30;177;10;190;184;84;4;112;123;127;70;135;173;154;180;53;86,868199962923185158,0.010999
steepest_intra:edges_start:random,184,80392,23025,57367,138299,124,62;49;178;106;32;14;155;144;21;7;164;27;90;165;40;185;52;55;57;129;92;78;145;196;81;31;113;175;171;16;25;44;120;75;101;86;100;26;97;1;2;87;152;19;130;148;37;124;94;189;53;121;99;182;63;79;133;151;45;162;194;180;154;135;127;123;112;4;184;177;54;48;160;34;146;22;159;193;41;139;198;46;115;42;43;116;65;59;72;109;51;80;176;137;0;143;183;89;186;9,2422351752249862068,0.012000
steepest_intra:edges_start:random,185,76835,23180,53655,140701,126,143;153;183;89;23;186;9;148;94;124;111;128;49;102;62;144;14;32;178;106;52;185;40;165;164;27;90;81;196;31;113;175;171;16;78;145;92;57;129;25;44;120;2;152;97;1;101;75;86;26;100;121;53;180;154;70;135;63;122;79;133;151;162;123;149;65;47;116;43;42;184;35;112;126;4;84;177;190;10;54;48;160;34;146;22;159;193;41;139;46;115;197;59;109;51;80;176;137;0;117,2806442151804719811,0.010000
steepest_intra:edges_start:random,186,76059,24483,51576,135160,122,46;115;139;18;22;146;159;193;41;42;116;65;43;184;160;34;54;177;4;112;127;123;162;59;51;66;137;176;80;63;79;133;151;135;70;154;180;158;53;136;121;86;101;75;2;152;1;97;26;100;189;94;124;167;148;37;49;172;57;55;52;179;92;129;82;120;44;25;16;171;175;113;31;78;145;196;81;90;27;164;7;165;40;185;106;178;32;14;144;102;62;9;15;186;23;89;183;143;117;0,8743938651170887987,0.010513
steepest_intra:edges_start:random,187,74752,22499,52253,146516,132,159;193;41;5;42;43;77;149;131;65;116;59;115;139;46;0;143;183;89;23;137;66;176;80;151;162;133;79;122;63;94;124;148;37;9;62;144;155;14;49;178;106;32;21;7;164;58;95;27;90;81;40;119;165;185;52;55;57;92;145;78;31;113;175;171;16;25;44;120;129;2;152;97;1;101;75;86;53;182;180;154;135;70;127;123;112;4;84;184;190;10;177;54;160;34;181;146;22;18;108,4343750352273390252,0.011511
steepest_intra:edges_start:random,188,78455,25676,52779,129513,113,182;63;80;130;15;62;9;37;148;124;94;19;152;2;101;1;97;26;86;75;120;44;25;16;171;175;113;56;31;38;78;145;179;196;81;90;27;165;40;185;52;55;57;92;129;167;106;178;49;14;144;114;186;89;183;143;117;0;137;23;176;51;59;72;151;162;161;123;184;48;160;42;116;65;115;46;139;41;193;159;69;108;18;22;146;34;54;177;4;112;127;70;135;133;79;180;154;158;53;121,8349500984438471146,0.009513
steepest_intra:edges_start:random,189,76455,24010,52445,137038,122,144;49;178;106;52;185;40;119;165;8;138;14;21;164;27;90;187;81;196;17;31;56;113;175;171;16;78;145;92;57;55;129;44;25;120;2;87;152;1;101;75;86;97;26;100;53;180;154;135;63;79;133;151;162;59;115;42;43;116;65;47;166;131;149;123;127;112;4;184;190;10;177;54;160;34;181;41;193;159;146;22;18;108;69;139;46;0;117;143;183;89;137;176;80;122;94;167;148;9;62,8412092450733642191,0.010000
steepest_intra:edges_start:random,190,77562,23724,53838,154083,137,9;62;144;155;14;49;178;106;185;40;165;90;81;196;78;31;56;113;175;171;16;44;120;75;101;86;53;180;154;135;70;127;123;112;4;10;177;54;184;160;34;146;22;18;108;69;159;193;181;42;43;77;116;65;149;59;118;115;41;139;46;0;117;143;183;89;23;137;12;130;94;124;189;63;79;80;176;51;151;162;133;182;136;121;99;97;1;152;2;129;57;92;145;179;52;55;128;111;148;37,4543432672650555345,0.009999
steepest_intra:edges_start:random,191,78005,25009,52996,127479,114,40;119;165;7;164;58;27;90;81;196;31;113;175;171;16;75;86;53;180;154;135;127;123;162;45;133;151;65;47;116;43;77;149;112;4;184;177;54;160;34;181;42;41;193;159;22;18;108;69;139;46;115;59;109;51;0;143;183;89;186;23;137;176;80;79;63;136;94;124;12;148;74;152;97;26;101;1;2;120;44;25;78;145;179;92;129;57;55;52;49;9;62;144;132;21;14;3;178;106;185,1241216471525244066,0.010000
steepest_intra:edges_start:random,192,73314,21677,51637,155552,140,55;57;92;179;145;78;31;56;113;175;171;16;25;44;120;129;2;75;86;101;1;152;97;121;53;180;154;135;70;127;123;112;84;35;184;190;10;177;54;48;160;34;103;146;181;42;43;105;47;65;116;115;139;41;193;159;22;18;108;68;46;0;117;170;143;183;89;114;186;23;137;176;80;51;109;118;59;72;151;162;133;79;122;63;189;94;124;148;15;9;62;144;14;49;178;106;165;40;185;52,1475157029624968404,0.011508
steepest_intra:edges_start:random,193,78201,24783,53418,140754,126,86;75;2;87;152;94;124;172;106;178;52;55;57;129;92;145;78;25;120;44;16;171;175;113;31;196;81;40;185;165;90;27;164;7;21;14;49;102;144;73;61;62;9;37;148;176;80;137;23;89;183;143;0;117;68;46;51;151;72;59;65;116;43;115;139;69;108;18;22;159;193;41;42;160;34;54;177;184;166;84;4;112;123;127;70;135;194;162;133;79;63;136;180;154;158;53;121;97;1;101,9167173095287845108,0.009001
steepest_intra:edges_start:random,194,75935,23314,52621,138233,124,41;42;43;131;65;116;197;59;72;151;133;79;122;63;94;152;2;129;92;57;55;52;106;178;49;102;148;9;62;144;155;14;138;21;7;164;95;165;185;40;119;90;81;196;179;145;78;157;31;85;56;113;175;171;16;44;120;75;86;101;1;97;26;100;53;180;154;70;135;162;123;127;112;184;54;160;34;181;146;22;18;69;108;93;117;0;170;143;183;89;137;80;176;66;51;118;115;46;139;193,1431461285427982782,0.010999
steepest_intra:edges_start:random,195,77177,23197,53980,140457,124,105;65;47;116;41;193;159;22;18;69;108;93;68;46;198;139;115;59;118;51;151;162;133;79;63;122;80;176;137;0;143;183;89;23;186;114;62;9;144;14;21;7;164;71;27;90;39;165;119;40;185;179;145;78;31;113;175;171;16;44;120;129;92;57;55;52;106;178;3;49;33;148;167;2;75;101;1;97;152;74;124;94;53;180;154;135;127;123;35;184;10;177;54;160;34;181;42;28;43;77,6589704342754469340,0.008999
steepest_intra:edges_start:random,196,80026,23535,56491,144812,129,182;94;148;37;128;49;102;9;62;144;155;14;165;90;81;40;119;185;106;178;52;55;57;92;145;78;175;171;16;25;44;120;2;75;86;101;1;152;97;121;53;158;180;154;135;70;127;156;112;4;84;123;162;59;118;60;46;68;139;191;115;116;105;65;131;43;42;28;184;177;54;160;34;181;146;195;41;193;159;22;18;69;108;117;0;143;183;89;186;23;137;141;51;176;80;151;133;79;63;136,245587005177328554,0.011001
steepest_intra:edges_start:random,197,76199,24824,51375,122621,108,24;65;116;105;43;35;11;184;10;177;54;48;34;160;42;181;146;22;159;193;41;139;115;46;68;140;108;18;69;93;117;0;143;183;89;186;23;137;12;148;9;62;49;178;106;138;14;144;21;164;27;90;165;40;185;52;55;57;92;145;179;169;196;81;31;113;175;171;16;78;44;120;2;1;101;75;86;97;152;94;80;176;51;59;162;151;133;79;63;53;158;180;154;135;70;127;126;112;4;123,6179330830204966951,0.009000
steepest_intra:edges_start:random,198,77396,23171,54225,146464,131,0;143;183;89;23;137;186;15;61;144;155;14;138;21;7;164;71;27;90;81;196;40;165;185;55;52;106;178;49;62;9;37;148;12;124;94;189;152;2;129;92;145;78;31;113;175;171;16;44;120;75;86;101;1;97;121;53;180;154;135;63;79;80;176;51;109;118;59;151;133;162;161;123;127;112;4;10;177;30;54;160;34;146;22;159;181;42;184;166;43;65;116;5;41;193;139;115;46;68;117,261034284178819669,0.009999
steepest_intra:edges_start:random,199,76932,23882,53050,134075,123,152;94;12;137;176;80;79;63;136;53;158;154;180;133;51;109;118;59;151;162;135;70;127;123;29;126;112;4;10;177;54;48;160;184;28;166;131;65;116;43;42;181;34;146;22;159;193;41;139;115;46;68;69;20;18;108;140;93;117;0;143;183;89;23;186;114;73;144;14;49;102;62;9;148;55;52;178;106;165;90;40;185;145;78;31;113;175;171;16;44;120;92;57;129;2;75;86;101;1;97,1174975775901796979,0.009509
